level_0,index,Datetime,Close,High,Low,Open,Volume
,,,^NSEI,^NSEI,^NSEI,^NSEI,^NSEI
0,0,2025-03-04 03:45:00+00:00,22001.599609375,22049.25,21965.849609375,21982.19921875,0
1,1,2025-03-04 04:00:00+00:00,22041.400390625,22068.75,21991.599609375,21999.5,0
2,2,2025-03-04 04:15:00+00:00,22058.599609375,22071.5,22013.599609375,22039.19921875,0
3,3,2025-03-04 04:30:00+00:00,22049.94921875,22090.94921875,22032.099609375,22059.400390625,0
4,4,2025-03-04 04:45:00+00:00,22059.5,22076.849609375,22049.25,22049.25,0
5,5,2025-03-04 05:00:00+00:00,22052.650390625,22077.19921875,22048.150390625,22059.099609375,0
6,6,2025-03-04 05:15:00+00:00,22082.30078125,22089.400390625,22051.30078125,22052.900390625,0
7,7,2025-03-04 05:30:00+00:00,22083.69921875,22104.19921875,22072.400390625,22082.650390625,0
8,8,2025-03-04 05:45:00+00:00,22069.5,22086.19921875,22063.19921875,22083.099609375,0
9,9,2025-03-04 06:00:00+00:00,22070.19921875,22086.349609375,22068.349609375,22069.80078125,0
10,10,2025-03-04 06:15:00+00:00,22072.099609375,22073.349609375,22048.80078125,22069.400390625,0
11,11,2025-03-04 06:30:00+00:00,22058.0,22074.5,22047.94921875,22072.25,0
12,12,2025-03-04 06:45:00+00:00,22068.650390625,22075.349609375,22049.650390625,22058.19921875,0
13,13,2025-03-04 07:00:00+00:00,22064.25,22074.650390625,22063.94921875,22068.099609375,0
14,14,2025-03-04 07:15:00+00:00,22052.849609375,22073.30078125,22049.0,22064.0,0
15,15,2025-03-04 07:30:00+00:00,22056.349609375,22057.599609375,22035.05078125,22055.650390625,0
16,16,2025-03-04 07:45:00+00:00,22050.55078125,22068.75,22046.099609375,22056.599609375,0
17,17,2025-03-04 08:00:00+00:00,22058.650390625,22059.94921875,22039.599609375,22051.599609375,0
18,18,2025-03-04 08:15:00+00:00,22069.150390625,22074.44921875,22047.349609375,22057.599609375,0
19,19,2025-03-04 08:30:00+00:00,22087.599609375,22105.05078125,22064.05078125,22069.55078125,0
20,20,2025-03-04 08:45:00+00:00,22085.400390625,22100.349609375,22075.19921875,22088.55078125,0
21,21,2025-03-04 09:00:00+00:00,22083.099609375,22096.150390625,22077.94921875,22085.349609375,0
22,22,2025-03-04 09:15:00+00:00,22098.599609375,22104.650390625,22075.5,22083.5,0
23,23,2025-03-04 09:30:00+00:00,22082.05078125,22098.55078125,22074.849609375,22097.650390625,0
24,24,2025-03-04 09:45:00+00:00,22080.30078125,22090.94921875,22064.69921875,22082.599609375,0
25,25,2025-03-05 03:45:00+00:00,22193.30078125,22197.80078125,22071.650390625,22071.650390625,0
26,26,2025-03-05 04:00:00+00:00,22237.599609375,22249.849609375,22185.0,22192.80078125,0
27,27,2025-03-05 04:15:00+00:00,22256.44921875,22263.849609375,22231.0,22237.599609375,0
28,28,2025-03-05 04:30:00+00:00,22239.0,22264.69921875,22227.19921875,22254.75,0
29,29,2025-03-05 04:45:00+00:00,22251.099609375,22251.400390625,22211.099609375,22238.69921875,0
30,30,2025-03-05 05:00:00+00:00,22282.69921875,22284.0,22244.849609375,22251.05078125,0
31,31,2025-03-05 05:15:00+00:00,22284.349609375,22288.0,22266.599609375,22283.150390625,0
32,32,2025-03-05 05:30:00+00:00,22282.349609375,22296.099609375,22270.599609375,22284.30078125,0
33,33,2025-03-05 05:45:00+00:00,22290.05078125,22293.400390625,22277.0,22282.650390625,0
34,34,2025-03-05 06:00:00+00:00,22337.099609375,22337.400390625,22290.19921875,22290.69921875,0
35,35,2025-03-05 06:15:00+00:00,22357.44921875,22374.900390625,22336.44921875,22336.75,0
36,36,2025-03-05 06:30:00+00:00,22362.099609375,22372.80078125,22352.599609375,22357.650390625,0
37,37,2025-03-05 06:45:00+00:00,22368.55078125,22371.05078125,22347.69921875,22361.900390625,0
38,38,2025-03-05 07:00:00+00:00,22372.30078125,22394.69921875,22368.650390625,22368.650390625,0
39,39,2025-03-05 07:15:00+00:00,22355.0,22377.650390625,22350.25,22373.05078125,0
40,40,2025-03-05 07:30:00+00:00,22348.80078125,22367.349609375,22333.099609375,22354.94921875,0
41,41,2025-03-05 07:45:00+00:00,22354.5,22363.05078125,22344.0,22348.400390625,0
42,42,2025-03-05 08:00:00+00:00,22313.80078125,22354.5,22301.75,22353.5,0
43,43,2025-03-05 08:15:00+00:00,22329.5,22338.75,22310.69921875,22313.849609375,0
44,44,2025-03-05 08:30:00+00:00,22326.80078125,22333.349609375,22312.849609375,22328.30078125,0
45,45,2025-03-05 08:45:00+00:00,22323.5,22326.69921875,22292.30078125,22326.69921875,0
46,46,2025-03-05 09:00:00+00:00,22337.900390625,22343.44921875,22309.349609375,22323.69921875,0
47,47,2025-03-05 09:15:00+00:00,22343.55078125,22353.849609375,22328.30078125,22337.599609375,0
48,48,2025-03-05 09:30:00+00:00,22335.0,22344.19921875,22324.599609375,22342.349609375,0
49,49,2025-03-05 09:45:00+00:00,22346.650390625,22351.25,22326.349609375,22335.150390625,0
50,50,2025-03-06 03:45:00+00:00,22362.25,22487.25,22349.30078125,22479.94921875,0
51,51,2025-03-06 04:00:00+00:00,22315.150390625,22372.0,22298.25,22364.099609375,0
52,52,2025-03-06 04:15:00+00:00,22314.400390625,22329.5,22246.69921875,22315.25,0
53,53,2025-03-06 04:30:00+00:00,22331.599609375,22364.80078125,22305.099609375,22313.55078125,0
54,54,2025-03-06 04:45:00+00:00,22358.650390625,22366.349609375,22322.94921875,22330.900390625,0
55,55,2025-03-06 05:00:00+00:00,22366.5,22377.80078125,22338.900390625,22358.650390625,0
56,56,2025-03-06 05:15:00+00:00,22366.30078125,22378.5,22354.05078125,22366.349609375,0
57,57,2025-03-06 05:30:00+00:00,22436.25,22455.55078125,22355.55078125,22364.849609375,0
58,58,2025-03-06 05:45:00+00:00,22340.19921875,22438.80078125,22321.5,22436.150390625,0
59,59,2025-03-06 06:00:00+00:00,22374.55078125,22377.94921875,22319.94921875,22338.849609375,0
60,60,2025-03-06 06:15:00+00:00,22399.650390625,22416.75,22374.19921875,22374.30078125,0
61,61,2025-03-06 06:30:00+00:00,22412.44921875,22427.0,22398.400390625,22399.25,0
62,62,2025-03-06 06:45:00+00:00,22428.5,22437.75,22408.099609375,22411.599609375,0
63,63,2025-03-06 07:00:00+00:00,22447.19921875,22462.19921875,22420.05078125,22429.0,0
64,64,2025-03-06 07:15:00+00:00,22452.80078125,22485.900390625,22430.650390625,22447.5,0
65,65,2025-03-06 07:30:00+00:00,22466.150390625,22478.650390625,22446.44921875,22451.94921875,0
66,66,2025-03-06 07:45:00+00:00,22467.25,22481.55078125,22451.55078125,22466.849609375,0
67,67,2025-03-06 08:00:00+00:00,22484.599609375,22492.69921875,22458.25,22467.900390625,0
68,68,2025-03-06 08:15:00+00:00,22509.55078125,22519.05078125,22484.400390625,22485.19921875,0
69,69,2025-03-06 08:30:00+00:00,22509.19921875,22528.400390625,22504.150390625,22510.94921875,0
70,70,2025-03-06 08:45:00+00:00,22494.849609375,22516.349609375,22493.69921875,22508.69921875,0
71,71,2025-03-06 09:00:00+00:00,22539.0,22543.05078125,22491.150390625,22494.650390625,0
72,72,2025-03-06 09:15:00+00:00,22546.05078125,22554.849609375,22524.099609375,22537.75,0
73,73,2025-03-06 09:30:00+00:00,22547.849609375,22555.80078125,22531.75,22546.44921875,0
74,74,2025-03-06 09:45:00+00:00,22529.19921875,22553.349609375,22520.599609375,22548.150390625,0
75,75,2025-03-07 03:45:00+00:00,22511.400390625,22572.30078125,22467.099609375,22509.05078125,0
76,76,2025-03-07 04:00:00+00:00,22497.30078125,22563.75,22478.349609375,22511.599609375,0
77,77,2025-03-07 04:15:00+00:00,22548.69921875,22549.0,22470.80078125,22497.099609375,0
78,78,2025-03-07 04:30:00+00:00,22605.69921875,22606.05078125,22539.94921875,22548.849609375,0
79,79,2025-03-07 04:45:00+00:00,22596.25,22625.349609375,22577.80078125,22607.94921875,0
80,80,2025-03-07 05:00:00+00:00,22591.099609375,22605.599609375,22579.349609375,22596.349609375,0
81,81,2025-03-07 05:15:00+00:00,22570.44921875,22616.0,22568.19921875,22591.0,0
82,82,2025-03-07 05:30:00+00:00,22615.19921875,22619.80078125,22567.849609375,22569.25,0
83,83,2025-03-07 05:45:00+00:00,22601.05078125,22633.30078125,22599.900390625,22614.05078125,0
84,84,2025-03-07 06:00:00+00:00,22599.099609375,22612.099609375,22585.69921875,22602.0,0
85,85,2025-03-07 06:15:00+00:00,22562.5,22600.150390625,22548.25,22599.30078125,0
86,86,2025-03-07 06:30:00+00:00,22526.849609375,22564.5,22516.099609375,22562.650390625,0
87,87,2025-03-07 06:45:00+00:00,22544.69921875,22546.94921875,22509.05078125,22526.30078125,0
88,88,2025-03-07 07:00:00+00:00,22577.0,22583.30078125,22541.0,22544.30078125,0
89,89,2025-03-07 07:15:00+00:00,22555.849609375,22577.349609375,22533.44921875,22576.69921875,0
90,90,2025-03-07 07:30:00+00:00,22539.19921875,22556.25,22530.30078125,22555.25,0
91,91,2025-03-07 07:45:00+00:00,22564.75,22572.650390625,22539.30078125,22539.650390625,0
92,92,2025-03-07 08:00:00+00:00,22568.349609375,22576.0,22550.30078125,22565.0,0
93,93,2025-03-07 08:15:00+00:00,22533.44921875,22569.0,22522.69921875,22567.150390625,0
94,94,2025-03-07 08:30:00+00:00,22553.599609375,22554.75,22533.599609375,22533.900390625,0
95,95,2025-03-07 08:45:00+00:00,22574.099609375,22578.80078125,22550.75,22554.0,0
96,96,2025-03-07 09:00:00+00:00,22590.099609375,22595.69921875,22564.150390625,22574.69921875,0
97,97,2025-03-07 09:15:00+00:00,22601.099609375,22606.599609375,22581.25,22589.75,0
98,98,2025-03-07 09:30:00+00:00,22556.849609375,22607.650390625,22556.650390625,22601.099609375,0
99,99,2025-03-07 09:45:00+00:00,22536.94921875,22557.69921875,22530.349609375,22557.55078125,0
100,100,2025-03-10 03:45:00+00:00,22583.75,22603.0,22502.400390625,22536.650390625,0
101,101,2025-03-10 04:00:00+00:00,22653.849609375,22654.650390625,22582.150390625,22582.849609375,0
102,102,2025-03-10 04:15:00+00:00,22658.69921875,22676.650390625,22638.650390625,22654.150390625,0
103,103,2025-03-10 04:30:00+00:00,22631.75,22662.75,22624.80078125,22658.55078125,0
104,104,2025-03-10 04:45:00+00:00,22607.94921875,22643.599609375,22604.05078125,22631.75,0
105,105,2025-03-10 05:00:00+00:00,22643.30078125,22644.650390625,22603.80078125,22608.44921875,0
106,106,2025-03-10 05:15:00+00:00,22638.349609375,22650.5,22636.0,22643.0,0
107,107,2025-03-10 05:30:00+00:00,22616.900390625,22639.5,22609.849609375,22638.19921875,0
108,108,2025-03-10 05:45:00+00:00,22616.80078125,22634.400390625,22606.55078125,22617.150390625,0
109,109,2025-03-10 06:00:00+00:00,22637.19921875,22645.349609375,22616.5,22617.30078125,0
110,110,2025-03-10 06:15:00+00:00,22611.75,22638.349609375,22609.44921875,22636.94921875,0
111,111,2025-03-10 06:30:00+00:00,22587.5,22614.5,22582.349609375,22611.69921875,0
112,112,2025-03-10 06:45:00+00:00,22589.25,22597.599609375,22563.349609375,22587.44921875,0
113,113,2025-03-10 07:00:00+00:00,22587.94921875,22600.849609375,22580.650390625,22588.400390625,0
114,114,2025-03-10 07:15:00+00:00,22595.900390625,22598.5,22577.75,22588.25,0
115,115,2025-03-10 07:30:00+00:00,22601.80078125,22619.30078125,22589.099609375,22595.80078125,0
116,116,2025-03-10 07:45:00+00:00,22590.900390625,22602.19921875,22578.349609375,22601.55078125,0
117,117,2025-03-10 08:00:00+00:00,22565.19921875,22594.19921875,22562.94921875,22590.25,0
118,118,2025-03-10 08:15:00+00:00,22550.80078125,22565.599609375,22532.900390625,22564.94921875,0
119,119,2025-03-10 08:30:00+00:00,22548.599609375,22560.25,22539.5,22550.80078125,0
120,120,2025-03-10 08:45:00+00:00,22460.099609375,22549.099609375,22460.099609375,22548.69921875,0
121,121,2025-03-10 09:00:00+00:00,22436.75,22484.0,22430.099609375,22460.75,0
122,122,2025-03-10 09:15:00+00:00,22457.44921875,22467.94921875,22429.400390625,22436.30078125,0
123,123,2025-03-10 09:30:00+00:00,22469.650390625,22479.349609375,22447.650390625,22456.69921875,0
124,124,2025-03-10 09:45:00+00:00,22441.099609375,22472.55078125,22436.400390625,22470.19921875,0
125,125,2025-03-11 03:45:00+00:00,22365.30078125,22387.400390625,22316.0,22345.55078125,0
126,126,2025-03-11 04:00:00+00:00,22362.650390625,22395.400390625,22325.05078125,22362.900390625,0
127,127,2025-03-11 04:15:00+00:00,22406.55078125,22411.650390625,22354.0,22363.75,0
128,128,2025-03-11 04:30:00+00:00,22422.55078125,22426.05078125,22379.05078125,22407.099609375,0
129,129,2025-03-11 04:45:00+00:00,22428.55078125,22437.69921875,22406.650390625,22422.44921875,0
130,130,2025-03-11 05:00:00+00:00,22441.0,22449.349609375,22397.25,22428.30078125,0
131,131,2025-03-11 05:15:00+00:00,22450.69921875,22468.849609375,22419.400390625,22440.75,0
132,132,2025-03-11 05:30:00+00:00,22452.30078125,22485.099609375,22446.849609375,22450.5,0
133,133,2025-03-11 05:45:00+00:00,22422.599609375,22455.19921875,22421.44921875,22452.55078125,0
134,134,2025-03-11 06:00:00+00:00,22432.19921875,22444.349609375,22415.55078125,22423.0,0
135,135,2025-03-11 06:15:00+00:00,22443.0,22448.0,22427.75,22432.30078125,0
136,136,2025-03-11 06:30:00+00:00,22437.69921875,22445.44921875,22421.44921875,22442.94921875,0
137,137,2025-03-11 06:45:00+00:00,22454.80078125,22455.69921875,22430.30078125,22437.599609375,0
138,138,2025-03-11 07:00:00+00:00,22463.900390625,22466.400390625,22447.0,22454.80078125,0
139,139,2025-03-11 07:15:00+00:00,22451.0,22465.900390625,22448.650390625,22463.650390625,0
140,140,2025-03-11 07:30:00+00:00,22446.69921875,22457.400390625,22435.19921875,22450.599609375,0
141,141,2025-03-11 07:45:00+00:00,22462.400390625,22475.5,22437.650390625,22446.099609375,0
142,142,2025-03-11 08:00:00+00:00,22473.55078125,22477.05078125,22449.599609375,22463.599609375,0
143,143,2025-03-11 08:15:00+00:00,22496.5,22502.849609375,22471.55078125,22473.30078125,0
144,144,2025-03-11 08:30:00+00:00,22501.55078125,22509.69921875,22480.30078125,22496.400390625,0
145,145,2025-03-11 08:45:00+00:00,22500.75,22515.75,22495.55078125,22501.599609375,0
146,146,2025-03-11 09:00:00+00:00,22487.0,22507.650390625,22483.55078125,22500.94921875,0
147,147,2025-03-11 09:15:00+00:00,22505.0,22507.650390625,22478.19921875,22487.650390625,0
148,148,2025-03-11 09:30:00+00:00,22499.5,22512.55078125,22469.349609375,22505.30078125,0
149,149,2025-03-11 09:45:00+00:00,22520.5,22520.849609375,22490.75,22499.849609375,0
150,150,2025-03-12 03:45:00+00:00,22461.69921875,22573.30078125,22461.69921875,22542.05078125,0
151,151,2025-03-12 04:00:00+00:00,22481.0,22505.94921875,22450.650390625,22462.099609375,0
152,152,2025-03-12 04:15:00+00:00,22470.349609375,22514.099609375,22447.400390625,22480.400390625,0
153,153,2025-03-12 04:30:00+00:00,22425.19921875,22475.349609375,22418.099609375,22470.349609375,0
154,154,2025-03-12 04:45:00+00:00,22420.900390625,22442.69921875,22410.55078125,22423.75,0
155,155,2025-03-12 05:00:00+00:00,22450.30078125,22460.849609375,22416.349609375,22420.150390625,0
156,156,2025-03-12 05:15:00+00:00,22408.650390625,22454.55078125,22398.0,22449.44921875,0
157,157,2025-03-12 05:30:00+00:00,22416.44921875,22422.05078125,22395.400390625,22408.25,0
158,158,2025-03-12 05:45:00+00:00,22385.25,22420.5,22377.150390625,22416.30078125,0
159,159,2025-03-12 06:00:00+00:00,22350.69921875,22390.94921875,22340.900390625,22385.05078125,0
160,160,2025-03-12 06:15:00+00:00,22339.75,22363.849609375,22333.69921875,22350.849609375,0
161,161,2025-03-12 06:30:00+00:00,22367.19921875,22368.099609375,22330.150390625,22342.150390625,0
162,162,2025-03-12 06:45:00+00:00,22370.75,22373.400390625,22346.349609375,22367.55078125,0
163,163,2025-03-12 07:00:00+00:00,22347.0,22384.80078125,22344.75,22370.400390625,0
164,164,2025-03-12 07:15:00+00:00,22367.69921875,22385.25,22331.75,22346.94921875,0
165,165,2025-03-12 07:30:00+00:00,22402.19921875,22405.849609375,22357.75,22367.650390625,0
166,166,2025-03-12 07:45:00+00:00,22430.099609375,22445.30078125,22402.44921875,22402.94921875,0
167,167,2025-03-12 08:00:00+00:00,22411.19921875,22444.900390625,22400.94921875,22429.650390625,0
168,168,2025-03-12 08:15:00+00:00,22412.80078125,22416.75,22392.05078125,22410.650390625,0
169,169,2025-03-12 08:30:00+00:00,22437.0,22440.5,22412.30078125,22412.55078125,0
170,170,2025-03-12 08:45:00+00:00,22464.94921875,22469.150390625,22432.599609375,22436.900390625,0
171,171,2025-03-12 09:00:00+00:00,22442.75,22475.150390625,22440.69921875,22464.650390625,0
172,172,2025-03-12 09:15:00+00:00,22480.400390625,22484.900390625,22441.599609375,22442.44921875,0
173,173,2025-03-12 09:30:00+00:00,22473.75,22494.099609375,22465.599609375,22478.650390625,0
174,174,2025-03-12 09:45:00+00:00,22468.5,22474.05078125,22452.75,22474.05078125,0
175,175,2025-03-13 03:45:00+00:00,22483.900390625,22545.099609375,22460.599609375,22541.599609375,0
176,176,2025-03-13 04:00:00+00:00,22490.150390625,22501.099609375,22461.94921875,22483.849609375,0
177,177,2025-03-13 04:15:00+00:00,22529.25,22540.599609375,22482.099609375,22489.599609375,0
178,178,2025-03-13 04:30:00+00:00,22545.099609375,22547.44921875,22525.55078125,22529.19921875,0
179,179,2025-03-13 04:45:00+00:00,22538.5,22557.75,22525.19921875,22545.099609375,0
180,180,2025-03-13 05:00:00+00:00,22523.80078125,22547.19921875,22515.25,22539.05078125,0
181,181,2025-03-13 05:15:00+00:00,22492.80078125,22524.69921875,22485.849609375,22523.75,0
182,182,2025-03-13 05:30:00+00:00,22519.650390625,22520.25,22478.30078125,22492.150390625,0
183,183,2025-03-13 05:45:00+00:00,22471.900390625,22520.650390625,22464.69921875,22520.05078125,0
184,184,2025-03-13 06:00:00+00:00,22433.5,22480.849609375,22418.400390625,22470.69921875,0
185,185,2025-03-13 06:15:00+00:00,22432.400390625,22435.30078125,22404.30078125,22434.599609375,0
186,186,2025-03-13 06:30:00+00:00,22443.19921875,22447.099609375,22424.650390625,22433.0,0
187,187,2025-03-13 06:45:00+00:00,22436.5,22451.599609375,22425.75,22442.75,0
188,188,2025-03-13 07:00:00+00:00,22450.349609375,22451.650390625,22431.650390625,22435.599609375,0
189,189,2025-03-13 07:15:00+00:00,22459.0,22461.80078125,22440.75,22449.75,0
190,190,2025-03-13 07:30:00+00:00,22429.80078125,22462.05078125,22425.94921875,22458.650390625,0
191,191,2025-03-13 07:45:00+00:00,22420.25,22446.150390625,22419.75,22429.150390625,0
192,192,2025-03-13 08:00:00+00:00,22442.75,22451.650390625,22420.0,22420.0,0
193,193,2025-03-13 08:15:00+00:00,22433.44921875,22453.5,22432.44921875,22442.55078125,0
194,194,2025-03-13 08:30:00+00:00,22432.30078125,22450.099609375,22420.650390625,22433.69921875,0
195,195,2025-03-13 08:45:00+00:00,22406.599609375,22434.900390625,22401.69921875,22432.349609375,0
196,196,2025-03-13 09:00:00+00:00,22406.150390625,22412.69921875,22394.75,22406.25,0
197,197,2025-03-13 09:15:00+00:00,22387.150390625,22409.19921875,22384.94921875,22406.599609375,0
198,198,2025-03-13 09:30:00+00:00,22399.599609375,22402.849609375,22377.5,22386.400390625,0
199,199,2025-03-13 09:45:00+00:00,22383.30078125,22412.75,22379.44921875,22399.5,0
200,200,2025-03-17 03:45:00+00:00,22538.94921875,22549.150390625,22384.150390625,22384.150390625,0
201,201,2025-03-17 04:00:00+00:00,22553.19921875,22576.75,22539.099609375,22539.099609375,0
202,202,2025-03-17 04:15:00+00:00,22546.099609375,22560.400390625,22522.94921875,22553.75,0
203,203,2025-03-17 04:30:00+00:00,22513.400390625,22554.55078125,22512.75,22546.099609375,0
204,204,2025-03-17 04:45:00+00:00,22490.150390625,22513.44921875,22478.80078125,22513.30078125,0
205,205,2025-03-17 05:00:00+00:00,22472.44921875,22490.75,22455.400390625,22490.05078125,0
206,206,2025-03-17 05:15:00+00:00,22496.900390625,22500.30078125,22472.900390625,22473.0,0
207,207,2025-03-17 05:30:00+00:00,22477.55078125,22505.80078125,22475.75,22496.900390625,0
208,208,2025-03-17 05:45:00+00:00,22497.849609375,22498.099609375,22470.849609375,22477.900390625,0
209,209,2025-03-17 06:00:00+00:00,22517.69921875,22530.69921875,22493.75,22497.5,0
210,210,2025-03-17 06:15:00+00:00,22505.75,22519.849609375,22483.30078125,22517.400390625,0
211,211,2025-03-17 06:30:00+00:00,22510.099609375,22522.150390625,22503.94921875,22506.099609375,0
212,212,2025-03-17 06:45:00+00:00,22482.400390625,22509.55078125,22454.80078125,22509.55078125,0
213,213,2025-03-17 07:00:00+00:00,22466.900390625,22483.0,22442.0,22483.0,0
214,214,2025-03-17 07:15:00+00:00,22458.25,22467.099609375,22445.19921875,22467.099609375,0
215,215,2025-03-17 07:30:00+00:00,22467.599609375,22469.75,22445.44921875,22458.5,0
216,216,2025-03-17 07:45:00+00:00,22494.900390625,22499.44921875,22466.44921875,22467.69921875,0
217,217,2025-03-17 08:00:00+00:00,22493.099609375,22497.05078125,22477.650390625,22497.05078125,0
218,218,2025-03-17 08:15:00+00:00,22510.94921875,22516.599609375,22473.80078125,22493.75,0
219,219,2025-03-17 08:30:00+00:00,22520.650390625,22528.599609375,22495.19921875,22510.80078125,0
220,220,2025-03-17 08:45:00+00:00,22503.19921875,22527.849609375,22501.69921875,22520.849609375,0
221,221,2025-03-17 09:00:00+00:00,22489.55078125,22517.30078125,22481.75,22503.400390625,0
222,222,2025-03-17 09:15:00+00:00,22511.0,22522.69921875,22487.599609375,22489.19921875,0
223,223,2025-03-17 09:30:00+00:00,22510.5,22520.05078125,22503.849609375,22510.94921875,0
224,224,2025-03-17 09:45:00+00:00,22515.25,22520.5,22506.25,22510.650390625,0
225,225,2025-03-18 03:45:00+00:00,22644.25,22671.30078125,22601.05078125,22649.650390625,0
226,226,2025-03-18 04:00:00+00:00,22681.349609375,22703.099609375,22639.19921875,22644.099609375,0
227,227,2025-03-18 04:15:00+00:00,22683.400390625,22702.05078125,22665.55078125,22681.150390625,0
228,228,2025-03-18 04:30:00+00:00,22745.349609375,22751.05078125,22681.44921875,22684.19921875,0
229,229,2025-03-18 04:45:00+00:00,22763.25,22763.25,22729.400390625,22746.5,0
230,230,2025-03-18 05:00:00+00:00,22773.400390625,22774.30078125,22752.55078125,22764.599609375,0
231,231,2025-03-18 05:15:00+00:00,22750.80078125,22774.099609375,22746.55078125,22773.849609375,0
232,232,2025-03-18 05:30:00+00:00,22757.05078125,22764.80078125,22739.650390625,22751.349609375,0
233,233,2025-03-18 05:45:00+00:00,22753.599609375,22757.650390625,22741.900390625,22757.19921875,0
234,234,2025-03-18 06:00:00+00:00,22765.650390625,22780.55078125,22753.25,22753.69921875,0
235,235,2025-03-18 06:15:00+00:00,22769.900390625,22781.099609375,22759.05078125,22765.44921875,0
236,236,2025-03-18 06:30:00+00:00,22769.650390625,22777.0,22760.650390625,22769.099609375,0
237,237,2025-03-18 06:45:00+00:00,22730.80078125,22770.400390625,22729.150390625,22769.849609375,0
238,238,2025-03-18 07:00:00+00:00,22703.900390625,22745.05078125,22702.69921875,22731.150390625,0
239,239,2025-03-18 07:15:00+00:00,22736.30078125,22736.30078125,22697.75,22704.94921875,0
240,240,2025-03-18 07:30:00+00:00,22761.19921875,22762.849609375,22737.099609375,22738.349609375,0
241,241,2025-03-18 07:45:00+00:00,22771.099609375,22784.099609375,22758.599609375,22762.400390625,0
242,242,2025-03-18 08:00:00+00:00,22783.30078125,22786.80078125,22767.0,22772.75,0
243,243,2025-03-18 08:15:00+00:00,22787.650390625,22797.30078125,22774.19921875,22784.94921875,0
244,244,2025-03-18 08:30:00+00:00,22774.349609375,22798.30078125,22772.650390625,22788.80078125,0
245,245,2025-03-18 08:45:00+00:00,22792.75,22795.5,22770.349609375,22775.44921875,0
246,246,2025-03-18 09:00:00+00:00,22794.150390625,22797.0,22786.099609375,22793.80078125,0
247,247,2025-03-18 09:15:00+00:00,22804.55078125,22810.55078125,22793.05078125,22794.849609375,0
248,248,2025-03-18 09:30:00+00:00,22842.94921875,22845.349609375,22805.599609375,22805.599609375,0
249,249,2025-03-18 09:45:00+00:00,22848.75,22857.25,22833.94921875,22842.099609375,0
250,250,2025-03-19 03:45:00+00:00,22848.94921875,22885.69921875,22808.599609375,22874.94921875,0
251,251,2025-03-19 04:00:00+00:00,22857.650390625,22863.94921875,22812.150390625,22848.44921875,0
252,252,2025-03-19 04:15:00+00:00,22864.30078125,22877.80078125,22852.55078125,22857.80078125,0
253,253,2025-03-19 04:30:00+00:00,22864.099609375,22879.69921875,22840.44921875,22864.650390625,0
254,254,2025-03-19 04:45:00+00:00,22897.30078125,22910.19921875,22864.05078125,22864.05078125,0
255,255,2025-03-19 05:00:00+00:00,22907.900390625,22909.55078125,22888.44921875,22897.25,0
256,256,2025-03-19 05:15:00+00:00,22901.19921875,22911.349609375,22865.30078125,22907.900390625,0
257,257,2025-03-19 05:30:00+00:00,22902.5,22914.25,22888.25,22900.900390625,0
258,258,2025-03-19 05:45:00+00:00,22891.0,22905.650390625,22881.44921875,22902.5,0
259,259,2025-03-19 06:00:00+00:00,22888.75,22905.349609375,22883.75,22891.099609375,0
260,260,2025-03-19 06:15:00+00:00,22904.44921875,22907.150390625,22875.44921875,22889.099609375,0
261,261,2025-03-19 06:30:00+00:00,22887.150390625,22907.05078125,22881.349609375,22904.400390625,0
262,262,2025-03-19 06:45:00+00:00,22901.30078125,22914.19921875,22885.55078125,22887.650390625,0
263,263,2025-03-19 07:00:00+00:00,22906.599609375,22915.099609375,22899.05078125,22900.599609375,0
264,264,2025-03-19 07:15:00+00:00,22934.0,22936.900390625,22906.5,22906.849609375,0
265,265,2025-03-19 07:30:00+00:00,22903.900390625,22939.44921875,22882.80078125,22935.400390625,0
266,266,2025-03-19 07:45:00+00:00,22915.099609375,22927.80078125,22898.55078125,22904.599609375,0
267,267,2025-03-19 08:00:00+00:00,22917.44921875,22928.150390625,22912.05078125,22914.400390625,0
268,268,2025-03-19 08:15:00+00:00,22913.099609375,22918.849609375,22899.349609375,22918.150390625,0
269,269,2025-03-19 08:30:00+00:00,22908.75,22923.69921875,22904.94921875,22914.44921875,0
270,270,2025-03-19 08:45:00+00:00,22927.400390625,22929.05078125,22905.30078125,22909.349609375,0
271,271,2025-03-19 09:00:00+00:00,22933.80078125,22937.400390625,22920.0,22928.25,0
272,272,2025-03-19 09:15:00+00:00,22931.0,22937.69921875,22923.5,22934.80078125,0
273,273,2025-03-19 09:30:00+00:00,22911.55078125,22933.650390625,22905.44921875,22931.849609375,0
274,274,2025-03-19 09:45:00+00:00,22911.80078125,22917.69921875,22895.900390625,22912.30078125,0
275,275,2025-03-20 03:45:00+00:00,23065.19921875,23065.19921875,22995.400390625,23038.599609375,0
276,276,2025-03-20 04:00:00+00:00,23053.55078125,23070.80078125,23034.099609375,23064.650390625,0
277,277,2025-03-20 04:15:00+00:00,23025.69921875,23055.44921875,23005.650390625,23054.25,0
278,278,2025-03-20 04:30:00+00:00,22987.650390625,23045.650390625,22974.150390625,23026.400390625,0
279,279,2025-03-20 04:45:00+00:00,23048.150390625,23050.69921875,22982.05078125,22987.30078125,0
280,280,2025-03-20 05:00:00+00:00,23035.94921875,23059.099609375,23033.05078125,23047.0,0
281,281,2025-03-20 05:15:00+00:00,23039.900390625,23045.0,23021.599609375,23035.75,0
282,282,2025-03-20 05:30:00+00:00,23063.55078125,23068.25,23034.80078125,23039.80078125,0
283,283,2025-03-20 05:45:00+00:00,23053.25,23067.55078125,23042.650390625,23063.94921875,0
284,284,2025-03-20 06:00:00+00:00,23057.5,23057.5,23042.650390625,23053.25,0
285,285,2025-03-20 06:15:00+00:00,23063.150390625,23069.69921875,23052.55078125,23057.099609375,0
286,286,2025-03-20 06:30:00+00:00,23072.55078125,23073.75,23061.349609375,23063.25,0
287,287,2025-03-20 06:45:00+00:00,23080.400390625,23082.849609375,23071.69921875,23072.900390625,0
288,288,2025-03-20 07:00:00+00:00,23093.69921875,23095.599609375,23072.94921875,23080.849609375,0
289,289,2025-03-20 07:15:00+00:00,23114.0,23114.400390625,23088.849609375,23093.75,0
290,290,2025-03-20 07:30:00+00:00,23143.349609375,23145.849609375,23096.19921875,23114.44921875,0
291,291,2025-03-20 07:45:00+00:00,23161.19921875,23178.599609375,23132.69921875,23143.55078125,0
292,292,2025-03-20 08:00:00+00:00,23177.69921875,23185.05078125,23158.55078125,23161.30078125,0
293,293,2025-03-20 08:15:00+00:00,23189.900390625,23195.099609375,23166.94921875,23177.44921875,0
294,294,2025-03-20 08:30:00+00:00,23182.400390625,23205.80078125,23179.25,23190.19921875,0
295,295,2025-03-20 08:45:00+00:00,23209.94921875,23212.94921875,23171.30078125,23183.19921875,0
296,296,2025-03-20 09:00:00+00:00,23195.0,23216.05078125,23193.349609375,23209.94921875,0
297,297,2025-03-20 09:15:00+00:00,23205.05078125,23214.75,23189.0,23195.19921875,0
298,298,2025-03-20 09:30:00+00:00,23183.849609375,23207.5,23183.5,23206.19921875,0
299,299,2025-03-20 09:45:00+00:00,23165.69921875,23190.75,23162.25,23183.94921875,0
300,300,2025-03-21 03:45:00+00:00,23195.55078125,23198.25,23134.30078125,23168.25,0
301,301,2025-03-21 04:00:00+00:00,23273.19921875,23276.349609375,23182.599609375,23194.44921875,0
302,302,2025-03-21 04:15:00+00:00,23264.05078125,23275.19921875,23248.099609375,23273.849609375,0
303,303,2025-03-21 04:30:00+00:00,23257.099609375,23275.0,23240.94921875,23263.94921875,0
304,304,2025-03-21 04:45:00+00:00,23298.05078125,23298.05078125,23247.900390625,23257.30078125,0
305,305,2025-03-21 05:00:00+00:00,23309.650390625,23318.94921875,23292.05078125,23298.900390625,0
306,306,2025-03-21 05:15:00+00:00,23339.55078125,23357.55078125,23306.150390625,23309.30078125,0
307,307,2025-03-21 05:30:00+00:00,23331.5,23356.30078125,23321.44921875,23339.19921875,0
308,308,2025-03-21 05:45:00+00:00,23349.19921875,23362.05078125,23326.5,23331.150390625,0
309,309,2025-03-21 06:00:00+00:00,23336.5,23370.650390625,23330.650390625,23349.69921875,0
310,310,2025-03-21 06:15:00+00:00,23345.69921875,23355.150390625,23331.55078125,23336.25,0
311,311,2025-03-21 06:30:00+00:00,23357.400390625,23368.900390625,23345.099609375,23345.5,0
312,312,2025-03-21 06:45:00+00:00,23374.599609375,23390.25,23350.80078125,23356.5,0
313,313,2025-03-21 07:00:00+00:00,23388.400390625,23392.150390625,23364.75,23374.44921875,0
314,314,2025-03-21 07:15:00+00:00,23399.849609375,23401.849609375,23373.05078125,23388.30078125,0
315,315,2025-03-21 07:30:00+00:00,23371.400390625,23401.19921875,23366.94921875,23399.44921875,0
316,316,2025-03-21 07:45:00+00:00,23382.099609375,23386.80078125,23349.94921875,23371.150390625,0
317,317,2025-03-21 08:00:00+00:00,23333.80078125,23384.55078125,23313.05078125,23381.55078125,0
318,318,2025-03-21 08:15:00+00:00,23319.900390625,23334.55078125,23277.05078125,23334.44921875,0
319,319,2025-03-21 08:30:00+00:00,23335.44921875,23352.19921875,23316.80078125,23319.19921875,0
320,320,2025-03-21 08:45:00+00:00,23378.55078125,23379.80078125,23334.75,23335.94921875,0
321,321,2025-03-21 09:00:00+00:00,23351.94921875,23378.94921875,23343.80078125,23378.80078125,0
322,322,2025-03-21 09:15:00+00:00,23340.75,23352.94921875,23333.69921875,23351.849609375,0
323,323,2025-03-21 09:30:00+00:00,23348.69921875,23360.44921875,23330.30078125,23341.75,0
324,324,2025-03-21 09:45:00+00:00,23352.19921875,23373.55078125,23339.099609375,23348.80078125,0
325,325,2025-03-24 03:45:00+00:00,23500.0,23519.44921875,23469.099609375,23487.94921875,0
326,326,2025-03-24 04:00:00+00:00,23472.900390625,23498.900390625,23433.75,23498.900390625,0
327,327,2025-03-24 04:15:00+00:00,23542.099609375,23545.900390625,23471.900390625,23475.30078125,0
328,328,2025-03-24 04:30:00+00:00,23544.05078125,23559.650390625,23534.5,23542.900390625,0
329,329,2025-03-24 04:45:00+00:00,23559.19921875,23567.44921875,23536.19921875,23544.150390625,0
330,330,2025-03-24 05:00:00+00:00,23576.44921875,23589.55078125,23558.05078125,23559.599609375,0
331,331,2025-03-24 05:15:00+00:00,23624.44921875,23624.44921875,23573.099609375,23577.400390625,0
332,332,2025-03-24 05:30:00+00:00,23614.099609375,23638.349609375,23595.5,23625.25,0
333,333,2025-03-24 05:45:00+00:00,23631.0,23635.849609375,23597.69921875,23614.19921875,0
334,334,2025-03-24 06:00:00+00:00,23590.19921875,23643.0,23579.5,23630.099609375,0
335,335,2025-03-24 06:15:00+00:00,23621.349609375,23621.349609375,23589.650390625,23589.94921875,0
336,336,2025-03-24 06:30:00+00:00,23628.05078125,23630.5,23607.650390625,23621.349609375,0
337,337,2025-03-24 06:45:00+00:00,23646.69921875,23648.900390625,23625.099609375,23627.400390625,0
338,338,2025-03-24 07:00:00+00:00,23636.599609375,23650.19921875,23628.25,23646.55078125,0
339,339,2025-03-24 07:15:00+00:00,23622.849609375,23647.05078125,23613.25,23636.900390625,0
340,340,2025-03-24 07:30:00+00:00,23654.650390625,23656.19921875,23616.099609375,23622.400390625,0
341,341,2025-03-24 07:45:00+00:00,23660.599609375,23666.150390625,23649.30078125,23654.30078125,0
342,342,2025-03-24 08:00:00+00:00,23650.44921875,23662.650390625,23648.30078125,23661.349609375,0
343,343,2025-03-24 08:15:00+00:00,23670.0,23672.05078125,23628.55078125,23650.69921875,0
344,344,2025-03-24 08:30:00+00:00,23687.349609375,23690.349609375,23662.94921875,23670.599609375,0
345,345,2025-03-24 08:45:00+00:00,23687.849609375,23708.05078125,23681.80078125,23687.30078125,0
346,346,2025-03-24 09:00:00+00:00,23668.650390625,23690.349609375,23664.80078125,23688.94921875,0
347,347,2025-03-24 09:15:00+00:00,23671.75,23683.19921875,23662.55078125,23668.80078125,0
348,348,2025-03-24 09:30:00+00:00,23652.900390625,23671.5,23629.900390625,23670.349609375,0
349,349,2025-03-24 09:45:00+00:00,23674.150390625,23681.25,23651.900390625,23651.900390625,0
350,350,2025-03-25 03:45:00+00:00,23723.5,23764.599609375,23665.650390625,23752.849609375,0
351,351,2025-03-25 04:00:00+00:00,23788.099609375,23796.599609375,23720.900390625,23721.650390625,0
352,352,2025-03-25 04:15:00+00:00,23863.599609375,23869.150390625,23773.69921875,23788.0,0
353,353,2025-03-25 04:30:00+00:00,23770.400390625,23865.900390625,23770.400390625,23864.400390625,0
354,354,2025-03-25 04:45:00+00:00,23813.0,23826.349609375,23749.650390625,23769.349609375,0
355,355,2025-03-25 05:00:00+00:00,23761.099609375,23813.75,23705.900390625,23812.75,0
356,356,2025-03-25 05:15:00+00:00,23701.25,23768.150390625,23656.80078125,23763.0,0
357,357,2025-03-25 05:30:00+00:00,23701.099609375,23724.349609375,23672.849609375,23701.099609375,0
358,358,2025-03-25 05:45:00+00:00,23662.80078125,23722.650390625,23647.099609375,23701.0,0
359,359,2025-03-25 06:00:00+00:00,23642.55078125,23690.400390625,23631.900390625,23662.099609375,0
360,360,2025-03-25 06:15:00+00:00,23710.05078125,23710.05078125,23628.349609375,23641.900390625,0
361,361,2025-03-25 06:30:00+00:00,23693.150390625,23730.0,23686.55078125,23711.94921875,0
362,362,2025-03-25 06:45:00+00:00,23680.900390625,23696.80078125,23653.650390625,23693.55078125,0
363,363,2025-03-25 07:00:00+00:00,23696.900390625,23699.400390625,23665.55078125,23681.44921875,0
364,364,2025-03-25 07:15:00+00:00,23684.80078125,23705.349609375,23675.400390625,23696.900390625,0
365,365,2025-03-25 07:30:00+00:00,23676.0,23695.55078125,23668.0,23684.19921875,0
366,366,2025-03-25 07:45:00+00:00,23667.5,23691.44921875,23644.30078125,23676.349609375,0
367,367,2025-03-25 08:00:00+00:00,23711.599609375,23719.05078125,23665.849609375,23665.849609375,0
368,368,2025-03-25 08:15:00+00:00,23733.099609375,23742.30078125,23703.75,23710.80078125,0
369,369,2025-03-25 08:30:00+00:00,23739.900390625,23744.099609375,23714.80078125,23729.44921875,0
370,370,2025-03-25 08:45:00+00:00,23702.0,23744.599609375,23701.69921875,23739.05078125,0
371,371,2025-03-25 09:00:00+00:00,23695.900390625,23726.349609375,23695.55078125,23701.650390625,0
372,372,2025-03-25 09:15:00+00:00,23682.69921875,23710.55078125,23661.69921875,23696.19921875,0
373,373,2025-03-25 09:30:00+00:00,23670.30078125,23695.80078125,23664.30078125,23682.400390625,0
374,374,2025-03-25 09:45:00+00:00,23605.94921875,23675.30078125,23603.5,23670.599609375,0
375,375,2025-03-26 03:45:00+00:00,23699.94921875,23735.900390625,23664.80078125,23698.69921875,0
376,376,2025-03-26 04:00:00+00:00,23646.19921875,23714.599609375,23641.400390625,23699.80078125,0
377,377,2025-03-26 04:15:00+00:00,23674.900390625,23687.849609375,23614.75,23645.75,0
378,378,2025-03-26 04:30:00+00:00,23679.150390625,23682.80078125,23642.099609375,23674.94921875,0
379,379,2025-03-26 04:45:00+00:00,23662.80078125,23688.55078125,23656.650390625,23679.75,0
380,380,2025-03-26 05:00:00+00:00,23670.849609375,23720.19921875,23657.150390625,23662.25,0
381,381,2025-03-26 05:15:00+00:00,23681.0,23705.75,23670.849609375,23672.400390625,0
382,382,2025-03-26 05:30:00+00:00,23653.0,23682.0,23629.55078125,23681.94921875,0
383,383,2025-03-26 05:45:00+00:00,23662.44921875,23664.900390625,23640.849609375,23653.5,0
384,384,2025-03-26 06:00:00+00:00,23641.349609375,23671.900390625,23631.75,23662.349609375,0
385,385,2025-03-26 06:15:00+00:00,23589.150390625,23640.900390625,23589.05078125,23640.650390625,0
386,386,2025-03-26 06:30:00+00:00,23603.75,23609.849609375,23572.19921875,23589.349609375,0
387,387,2025-03-26 06:45:00+00:00,23599.30078125,23608.150390625,23585.55078125,23602.94921875,0
388,388,2025-03-26 07:00:00+00:00,23624.19921875,23626.44921875,23597.599609375,23598.849609375,0
389,389,2025-03-26 07:15:00+00:00,23615.19921875,23638.05078125,23609.44921875,23623.900390625,0
390,390,2025-03-26 07:30:00+00:00,23566.099609375,23621.099609375,23551.900390625,23615.25,0
391,391,2025-03-26 07:45:00+00:00,23559.69921875,23575.94921875,23535.05078125,23565.400390625,0
392,392,2025-03-26 08:00:00+00:00,23516.849609375,23566.30078125,23514.80078125,23559.599609375,0
393,393,2025-03-26 08:15:00+00:00,23532.0,23541.349609375,23501.150390625,23517.5,0
394,394,2025-03-26 08:30:00+00:00,23550.5,23562.349609375,23531.19921875,23532.44921875,0
395,395,2025-03-26 08:45:00+00:00,23542.400390625,23562.25,23531.05078125,23550.5,0
396,396,2025-03-26 09:00:00+00:00,23525.30078125,23543.099609375,23520.150390625,23542.25,0
397,397,2025-03-26 09:15:00+00:00,23480.650390625,23536.94921875,23452.599609375,23524.69921875,0
398,398,2025-03-26 09:30:00+00:00,23501.44921875,23512.75,23468.849609375,23481.05078125,0
399,399,2025-03-26 09:45:00+00:00,23464.30078125,23501.75,23464.30078125,23501.400390625,0
400,400,2025-03-27 03:45:00+00:00,23543.849609375,23556.099609375,23415.19921875,23438.75,0
401,401,2025-03-27 04:00:00+00:00,23554.69921875,23561.55078125,23507.400390625,23543.80078125,0
402,402,2025-03-27 04:15:00+00:00,23585.44921875,23585.75,23520.599609375,23553.5,0
403,403,2025-03-27 04:30:00+00:00,23600.349609375,23618.650390625,23569.849609375,23585.80078125,0
404,404,2025-03-27 04:45:00+00:00,23617.80078125,23619.849609375,23588.19921875,23599.55078125,0
405,405,2025-03-27 05:00:00+00:00,23583.30078125,23626.69921875,23575.150390625,23617.650390625,0
406,406,2025-03-27 05:15:00+00:00,23576.30078125,23590.75,23559.80078125,23582.599609375,0
407,407,2025-03-27 05:30:00+00:00,23602.900390625,23605.650390625,23576.19921875,23576.19921875,0
408,408,2025-03-27 05:45:00+00:00,23580.150390625,23613.5,23580.150390625,23603.05078125,0
409,409,2025-03-27 06:00:00+00:00,23611.5,23614.30078125,23580.150390625,23581.55078125,0
410,410,2025-03-27 06:15:00+00:00,23600.44921875,23615.25,23599.400390625,23611.5,0
411,411,2025-03-27 06:30:00+00:00,23600.5,23601.75,23581.599609375,23600.05078125,0
412,412,2025-03-27 06:45:00+00:00,23585.94921875,23602.94921875,23583.0,23600.150390625,0
413,413,2025-03-27 07:00:00+00:00,23599.69921875,23599.69921875,23574.849609375,23585.900390625,0
414,414,2025-03-27 07:15:00+00:00,23598.80078125,23606.05078125,23586.900390625,23595.849609375,0
415,415,2025-03-27 07:30:00+00:00,23586.599609375,23607.55078125,23586.55078125,23598.150390625,0
416,416,2025-03-27 07:45:00+00:00,23599.55078125,23601.44921875,23581.80078125,23586.400390625,0
417,417,2025-03-27 08:00:00+00:00,23605.599609375,23607.599609375,23592.94921875,23598.69921875,0
418,418,2025-03-27 08:15:00+00:00,23604.900390625,23612.55078125,23595.94921875,23605.30078125,0
419,419,2025-03-27 08:30:00+00:00,23609.099609375,23616.80078125,23600.55078125,23604.650390625,0
420,420,2025-03-27 08:45:00+00:00,23605.05078125,23614.25,23601.05078125,23610.099609375,0
421,421,2025-03-27 09:00:00+00:00,23603.400390625,23606.80078125,23582.19921875,23603.75,0
422,422,2025-03-27 09:15:00+00:00,23603.099609375,23613.75,23597.69921875,23603.55078125,0
423,423,2025-03-27 09:30:00+00:00,23589.25,23620.400390625,23572.099609375,23600.25,0
424,424,2025-03-27 09:45:00+00:00,23601.05078125,23636.599609375,23576.44921875,23588.650390625,0
425,425,2025-03-28 03:45:00+00:00,23561.900390625,23626.349609375,23553.94921875,23605.25,0
426,426,2025-03-28 04:00:00+00:00,23520.900390625,23577.099609375,23505.44921875,23558.75,0
427,427,2025-03-28 04:15:00+00:00,23556.80078125,23565.849609375,23509.69921875,23521.44921875,0
428,428,2025-03-28 04:30:00+00:00,23524.150390625,23563.80078125,23519.5,23556.30078125,0
429,429,2025-03-28 04:45:00+00:00,23559.25,23561.25,23519.0,23524.150390625,0
430,430,2025-03-28 05:00:00+00:00,23613.05078125,23634.69921875,23560.05078125,23560.849609375,0
431,431,2025-03-28 05:15:00+00:00,23623.94921875,23649.150390625,23612.849609375,23614.650390625,0
432,432,2025-03-28 05:30:00+00:00,23581.30078125,23631.349609375,23580.599609375,23623.599609375,0
433,433,2025-03-28 05:45:00+00:00,23576.05078125,23600.55078125,23563.0,23581.69921875,0
434,434,2025-03-28 06:00:00+00:00,23569.05078125,23601.25,23568.05078125,23576.5,0
435,435,2025-03-28 06:15:00+00:00,23589.5,23592.05078125,23561.69921875,23568.599609375,0
436,436,2025-03-28 06:30:00+00:00,23596.44921875,23604.55078125,23581.400390625,23590.55078125,0
437,437,2025-03-28 06:45:00+00:00,23529.30078125,23598.150390625,23529.0,23596.55078125,0
438,438,2025-03-28 07:00:00+00:00,23500.650390625,23529.599609375,23484.0,23528.69921875,0
439,439,2025-03-28 07:15:00+00:00,23527.19921875,23532.599609375,23491.099609375,23500.75,0
440,440,2025-03-28 07:30:00+00:00,23499.55078125,23527.5,23471.30078125,23526.599609375,0
441,441,2025-03-28 07:45:00+00:00,23493.94921875,23512.349609375,23481.150390625,23499.599609375,0
442,442,2025-03-28 08:00:00+00:00,23486.55078125,23522.5,23485.75,23493.650390625,0
443,443,2025-03-28 08:15:00+00:00,23473.25,23489.25,23453.75,23485.30078125,0
444,444,2025-03-28 08:30:00+00:00,23503.30078125,23505.25,23451.599609375,23472.55078125,0
445,445,2025-03-28 08:45:00+00:00,23571.80078125,23574.69921875,23493.69921875,23501.44921875,0
446,446,2025-03-28 09:00:00+00:00,23594.5,23597.099609375,23540.05078125,23573.19921875,0
447,447,2025-03-28 09:15:00+00:00,23591.5,23612.05078125,23577.55078125,23594.25,0
448,448,2025-03-28 09:30:00+00:00,23543.650390625,23591.19921875,23520.099609375,23591.150390625,0
449,449,2025-03-28 09:45:00+00:00,23495.150390625,23545.30078125,23485.75,23544.25,0
450,450,2025-04-01 03:45:00+00:00,23471.44921875,23481.349609375,23343.75,23353.0,0
451,451,2025-04-01 04:00:00+00:00,23545.099609375,23563.19921875,23467.19921875,23471.44921875,0
452,452,2025-04-01 04:15:00+00:00,23514.849609375,23553.30078125,23492.75,23544.44921875,0
453,453,2025-04-01 04:30:00+00:00,23456.099609375,23523.400390625,23448.19921875,23513.900390625,0
454,454,2025-04-01 04:45:00+00:00,23307.19921875,23483.69921875,23297.69921875,23455.599609375,0
455,455,2025-04-01 05:00:00+00:00,23319.94921875,23324.650390625,23277.05078125,23306.150390625,0
456,456,2025-04-01 05:15:00+00:00,23243.150390625,23339.349609375,23237.0,23320.650390625,0
457,457,2025-04-01 05:30:00+00:00,23228.94921875,23255.69921875,23221.349609375,23243.5,0
458,458,2025-04-01 05:45:00+00:00,23250.849609375,23258.80078125,23224.25,23229.0,0
459,459,2025-04-01 06:00:00+00:00,23200.099609375,23249.400390625,23183.75,23248.599609375,0
460,460,2025-04-01 06:15:00+00:00,23197.25,23209.900390625,23183.599609375,23199.099609375,0
461,461,2025-04-01 06:30:00+00:00,23209.900390625,23216.25,23173.400390625,23196.44921875,0
462,462,2025-04-01 06:45:00+00:00,23213.900390625,23246.650390625,23202.0,23209.25,0
463,463,2025-04-01 07:00:00+00:00,23228.05078125,23252.25,23213.80078125,23214.349609375,0
464,464,2025-04-01 07:15:00+00:00,23194.599609375,23233.19921875,23189.650390625,23227.55078125,0
465,465,2025-04-01 07:30:00+00:00,23192.44921875,23199.55078125,23174.30078125,23194.599609375,0
466,466,2025-04-01 07:45:00+00:00,23154.55078125,23195.150390625,23148.650390625,23192.150390625,0
467,467,2025-04-01 08:00:00+00:00,23171.099609375,23180.5,23136.400390625,23153.599609375,0
468,468,2025-04-01 08:15:00+00:00,23154.75,23178.349609375,23150.75,23171.30078125,0
469,469,2025-04-01 08:30:00+00:00,23161.55078125,23186.80078125,23150.30078125,23154.5,0
470,470,2025-04-01 08:45:00+00:00,23154.75,23163.44921875,23137.44921875,23163.099609375,0
471,471,2025-04-01 09:00:00+00:00,23161.650390625,23171.25,23143.650390625,23154.55078125,0
472,472,2025-04-01 09:15:00+00:00,23161.30078125,23174.099609375,23151.650390625,23161.349609375,0
473,473,2025-04-01 09:30:00+00:00,23174.5,23180.349609375,23154.75,23161.849609375,0
474,474,2025-04-01 09:45:00+00:00,23179.69921875,23182.30078125,23151.80078125,23174.900390625,0
475,475,2025-04-02 03:45:00+00:00,23246.5,23250.650390625,23160.400390625,23209.05078125,0
476,476,2025-04-02 04:00:00+00:00,23234.0,23292.900390625,23233.5,23246.30078125,0
477,477,2025-04-02 04:15:00+00:00,23244.650390625,23250.55078125,23183.25,23233.44921875,0
478,478,2025-04-02 04:30:00+00:00,23238.849609375,23248.25,23216.44921875,23244.55078125,0
479,479,2025-04-02 04:45:00+00:00,23267.349609375,23268.94921875,23224.599609375,23238.150390625,0
480,480,2025-04-02 05:00:00+00:00,23264.599609375,23285.099609375,23251.0,23267.75,0
481,481,2025-04-02 05:15:00+00:00,23292.69921875,23302.0,23264.30078125,23264.400390625,0
482,482,2025-04-02 05:30:00+00:00,23287.5,23311.849609375,23278.80078125,23293.150390625,0
483,483,2025-04-02 05:45:00+00:00,23262.94921875,23292.75,23260.5,23287.55078125,0
484,484,2025-04-02 06:00:00+00:00,23259.05078125,23295.30078125,23246.150390625,23263.150390625,0
485,485,2025-04-02 06:15:00+00:00,23255.25,23285.94921875,23255.0,23259.30078125,0
486,486,2025-04-02 06:30:00+00:00,23281.44921875,23285.849609375,23247.5,23256.150390625,0
487,487,2025-04-02 06:45:00+00:00,23278.80078125,23300.0,23278.80078125,23281.25,0
488,488,2025-04-02 07:00:00+00:00,23286.150390625,23294.94921875,23269.5,23279.150390625,0
489,489,2025-04-02 07:15:00+00:00,23247.900390625,23296.900390625,23238.94921875,23286.30078125,0
490,490,2025-04-02 07:30:00+00:00,23287.650390625,23292.69921875,23247.25,23247.94921875,0
491,491,2025-04-02 07:45:00+00:00,23298.25,23300.44921875,23286.25,23287.900390625,0
492,492,2025-04-02 08:00:00+00:00,23274.599609375,23307.0,23273.849609375,23298.599609375,0
493,493,2025-04-02 08:15:00+00:00,23287.650390625,23290.150390625,23254.75,23274.80078125,0
494,494,2025-04-02 08:30:00+00:00,23278.30078125,23298.900390625,23273.0,23287.69921875,0
495,495,2025-04-02 08:45:00+00:00,23301.599609375,23303.55078125,23276.599609375,23279.099609375,0
496,496,2025-04-02 09:00:00+00:00,23308.75,23314.099609375,23296.44921875,23303.19921875,0
497,497,2025-04-02 09:15:00+00:00,23307.44921875,23310.69921875,23285.25,23309.650390625,0
498,498,2025-04-02 09:30:00+00:00,23337.75,23349.849609375,23307.400390625,23309.0,0
499,499,2025-04-02 09:45:00+00:00,23330.80078125,23342.0,23324.599609375,23338.0,0
500,500,2025-04-03 03:45:00+00:00,23251.19921875,23263.0,23159.599609375,23160.349609375,0
501,501,2025-04-03 04:00:00+00:00,23244.80078125,23280.650390625,23213.400390625,23251.650390625,0
502,502,2025-04-03 04:15:00+00:00,23234.599609375,23252.30078125,23214.900390625,23243.400390625,0
503,503,2025-04-03 04:30:00+00:00,23277.599609375,23281.849609375,23223.75,23234.94921875,0
504,504,2025-04-03 04:45:00+00:00,23298.30078125,23306.25,23253.400390625,23278.30078125,0
505,505,2025-04-03 05:00:00+00:00,23287.75,23300.94921875,23279.44921875,23298.0,0
506,506,2025-04-03 05:15:00+00:00,23289.099609375,23291.05078125,23270.0,23289.05078125,0
507,507,2025-04-03 05:30:00+00:00,23278.94921875,23292.75,23260.099609375,23289.349609375,0
508,508,2025-04-03 05:45:00+00:00,23272.099609375,23279.80078125,23248.900390625,23279.349609375,0
509,509,2025-04-03 06:00:00+00:00,23283.05078125,23284.19921875,23265.30078125,23272.349609375,0
510,510,2025-04-03 06:15:00+00:00,23289.75,23294.75,23280.25,23282.75,0
511,511,2025-04-03 06:30:00+00:00,23273.5,23292.400390625,23272.849609375,23289.25,0
512,512,2025-04-03 06:45:00+00:00,23266.5,23279.80078125,23256.30078125,23275.94921875,0
513,513,2025-04-03 07:00:00+00:00,23258.349609375,23275.349609375,23258.349609375,23266.94921875,0
514,514,2025-04-03 07:15:00+00:00,23270.25,23272.849609375,23250.599609375,23259.349609375,0
515,515,2025-04-03 07:30:00+00:00,23258.94921875,23271.900390625,23254.05078125,23269.849609375,0
516,516,2025-04-03 07:45:00+00:00,23268.349609375,23270.349609375,23254.94921875,23260.349609375,0
517,517,2025-04-03 08:00:00+00:00,23264.650390625,23278.400390625,23262.25,23268.80078125,0
518,518,2025-04-03 08:15:00+00:00,23259.400390625,23274.849609375,23257.69921875,23264.05078125,0
519,519,2025-04-03 08:30:00+00:00,23255.30078125,23272.80078125,23253.94921875,23260.099609375,0
520,520,2025-04-03 08:45:00+00:00,23258.44921875,23271.55078125,23253.55078125,23254.80078125,0
521,521,2025-04-03 09:00:00+00:00,23254.349609375,23263.400390625,23244.44921875,23258.75,0
522,522,2025-04-03 09:15:00+00:00,23249.25,23258.55078125,23243.0,23254.650390625,0
523,523,2025-04-03 09:30:00+00:00,23253.05078125,23259.5,23240.80078125,23251.5,0
524,524,2025-04-03 09:45:00+00:00,23241.599609375,23255.75,23236.400390625,23253.75,0
525,525,2025-04-04 03:45:00+00:00,23076.05078125,23210.5,23029.80078125,23208.150390625,0
526,526,2025-04-04 04:00:00+00:00,23062.25,23136.94921875,23048.25,23077.80078125,0
527,527,2025-04-04 04:15:00+00:00,22992.19921875,23074.25,22983.400390625,23063.75,0
528,528,2025-04-04 04:30:00+00:00,22941.94921875,23006.19921875,22941.25,22992.05078125,0
529,529,2025-04-04 04:45:00+00:00,22933.44921875,22979.900390625,22921.94921875,22941.69921875,0
530,530,2025-04-04 05:00:00+00:00,22960.80078125,22976.650390625,22924.349609375,22933.599609375,0
531,531,2025-04-04 05:15:00+00:00,22999.150390625,22999.150390625,22949.400390625,22958.94921875,0
532,532,2025-04-04 05:30:00+00:00,23013.05078125,23029.900390625,22982.30078125,22998.849609375,0
533,533,2025-04-04 05:45:00+00:00,23004.80078125,23014.599609375,22969.900390625,23013.75,0
534,534,2025-04-04 06:00:00+00:00,22970.099609375,23026.19921875,22961.75,23005.0,0
535,535,2025-04-04 06:15:00+00:00,22971.349609375,22979.099609375,22951.69921875,22971.19921875,0
536,536,2025-04-04 06:30:00+00:00,22965.30078125,22974.900390625,22944.75,22971.5,0
537,537,2025-04-04 06:45:00+00:00,22972.19921875,22991.599609375,22963.900390625,22965.349609375,0
538,538,2025-04-04 07:00:00+00:00,22964.44921875,22979.5,22944.400390625,22972.80078125,0
539,539,2025-04-04 07:15:00+00:00,22962.400390625,22968.30078125,22942.69921875,22964.349609375,0
540,540,2025-04-04 07:30:00+00:00,22938.05078125,22974.05078125,22937.19921875,22962.55078125,0
541,541,2025-04-04 07:45:00+00:00,22953.19921875,22966.75,22934.80078125,22938.150390625,0
542,542,2025-04-04 08:00:00+00:00,22903.05078125,22957.69921875,22895.69921875,22952.94921875,0
543,543,2025-04-04 08:15:00+00:00,22893.599609375,22911.400390625,22875.150390625,22902.150390625,0
544,544,2025-04-04 08:30:00+00:00,22909.599609375,22913.80078125,22881.19921875,22894.25,0
545,545,2025-04-04 08:45:00+00:00,22895.400390625,22918.80078125,22886.099609375,22908.599609375,0
546,546,2025-04-04 09:00:00+00:00,22872.400390625,22900.94921875,22868.44921875,22895.19921875,0
547,547,2025-04-04 09:15:00+00:00,22864.94921875,22886.900390625,22858.150390625,22873.650390625,0
548,548,2025-04-04 09:30:00+00:00,22911.0,22921.55078125,22864.900390625,22864.900390625,0
549,549,2025-04-04 09:45:00+00:00,22912.05078125,22920.599609375,22896.44921875,22909.44921875,0
550,550,2025-04-07 03:45:00+00:00,22041.849609375,22097.5,21807.75,21807.75,0
551,551,2025-04-07 04:00:00+00:00,22021.69921875,22188.400390625,21977.05078125,22042.349609375,0
552,552,2025-04-07 04:15:00+00:00,21963.25,22050.650390625,21959.75,22023.349609375,0
553,553,2025-04-07 04:30:00+00:00,21918.150390625,22011.05078125,21911.05078125,21960.55078125,0
554,554,2025-04-07 04:45:00+00:00,22005.150390625,22005.650390625,21898.30078125,21916.0,0
555,555,2025-04-07 05:00:00+00:00,22007.55078125,22021.650390625,21935.75,22004.400390625,0
556,556,2025-04-07 05:15:00+00:00,21983.650390625,22082.69921875,21976.400390625,22009.19921875,0
557,557,2025-04-07 05:30:00+00:00,21986.30078125,22015.900390625,21980.25,21980.25,0
558,558,2025-04-07 05:45:00+00:00,22009.099609375,22009.400390625,21949.30078125,21985.80078125,0
559,559,2025-04-07 06:00:00+00:00,22002.05078125,22069.5,21987.05078125,22006.849609375,0
560,560,2025-04-07 06:15:00+00:00,21965.19921875,22004.849609375,21948.849609375,22001.30078125,0
561,561,2025-04-07 06:30:00+00:00,21890.94921875,21967.69921875,21886.150390625,21965.400390625,0
562,562,2025-04-07 06:45:00+00:00,21846.150390625,21896.94921875,21839.400390625,21890.150390625,0
563,563,2025-04-07 07:00:00+00:00,21896.099609375,21898.900390625,21796.900390625,21846.19921875,0
564,564,2025-04-07 07:15:00+00:00,21865.25,21943.25,21859.900390625,21894.75,0
565,565,2025-04-07 07:30:00+00:00,21859.650390625,21886.849609375,21841.650390625,21865.75,0
566,566,2025-04-07 07:45:00+00:00,21898.099609375,21918.849609375,21814.349609375,21860.849609375,0
567,567,2025-04-07 08:00:00+00:00,21977.80078125,21991.19921875,21885.19921875,21898.05078125,0
568,568,2025-04-07 08:15:00+00:00,21985.0,22037.80078125,21965.25,21978.75,0
569,569,2025-04-07 08:30:00+00:00,21997.69921875,22033.30078125,21964.849609375,21984.5,0
570,570,2025-04-07 08:45:00+00:00,22020.55078125,22036.55078125,21973.400390625,21998.900390625,0
571,571,2025-04-07 09:00:00+00:00,22000.19921875,22080.849609375,21996.5,22020.150390625,0
572,572,2025-04-07 09:15:00+00:00,22046.5,22070.94921875,22001.25,22001.25,0
573,573,2025-04-07 09:30:00+00:00,22184.650390625,22210.400390625,22040.900390625,22046.19921875,0
574,574,2025-04-07 09:45:00+00:00,22238.0,22253.19921875,22134.650390625,22184.30078125,0
575,575,2025-04-08 03:45:00+00:00,22545.150390625,22573.099609375,22471.55078125,22473.349609375,0
576,576,2025-04-08 04:00:00+00:00,22479.30078125,22550.0,22454.0,22545.150390625,0
577,577,2025-04-08 04:15:00+00:00,22412.75,22521.400390625,22393.69921875,22479.05078125,0
578,578,2025-04-08 04:30:00+00:00,22383.94921875,22432.400390625,22378.5,22414.30078125,0
579,579,2025-04-08 04:45:00+00:00,22424.349609375,22429.349609375,22370.05078125,22384.55078125,0
580,580,2025-04-08 05:00:00+00:00,22292.650390625,22432.599609375,22275.849609375,22425.30078125,0
581,581,2025-04-08 05:15:00+00:00,22374.400390625,22411.75,22272.900390625,22292.099609375,0
582,582,2025-04-08 05:30:00+00:00,22436.55078125,22489.94921875,22374.75,22374.75,0
583,583,2025-04-08 05:45:00+00:00,22363.05078125,22455.19921875,22323.150390625,22436.150390625,0
584,584,2025-04-08 06:00:00+00:00,22357.349609375,22405.05078125,22319.400390625,22364.80078125,0
585,585,2025-04-08 06:15:00+00:00,22401.599609375,22434.5,22353.650390625,22357.80078125,0
586,586,2025-04-08 06:30:00+00:00,22552.30078125,22552.30078125,22453.75,22466.80078125,0
587,587,2025-04-08 06:45:00+00:00,22583.849609375,22584.05078125,22506.05078125,22554.30078125,0
588,588,2025-04-08 07:00:00+00:00,22643.94921875,22665.400390625,22563.900390625,22584.5,0
589,589,2025-04-08 07:15:00+00:00,22667.55078125,22670.94921875,22618.80078125,22646.55078125,0
590,590,2025-04-08 07:30:00+00:00,22666.400390625,22671.150390625,22609.75,22668.25,0
591,591,2025-04-08 07:45:00+00:00,22687.30078125,22688.80078125,22624.55078125,22666.30078125,0
592,592,2025-04-08 08:00:00+00:00,22587.19921875,22696.650390625,22528.69921875,22688.0,0
593,593,2025-04-08 08:15:00+00:00,22546.400390625,22599.25,22461.75,22586.5,0
594,594,2025-04-08 08:30:00+00:00,22598.400390625,22610.94921875,22512.94921875,22546.94921875,0
595,595,2025-04-08 08:45:00+00:00,22654.05078125,22664.900390625,22600.69921875,22602.150390625,0
596,596,2025-04-08 09:00:00+00:00,22569.150390625,22657.349609375,22554.69921875,22654.44921875,0
597,597,2025-04-08 09:15:00+00:00,22577.80078125,22602.75,22530.80078125,22568.400390625,0
598,598,2025-04-08 09:30:00+00:00,22528.400390625,22578.55078125,22517.150390625,22577.80078125,0
599,599,2025-04-08 09:45:00+00:00,22547.19921875,22555.75,22517.94921875,22528.30078125,0
600,600,2025-04-09 03:45:00+00:00,22385.099609375,22458.900390625,22362.5,22453.25,0
601,601,2025-04-09 04:00:00+00:00,22467.849609375,22467.849609375,22362.099609375,22382.900390625,0
602,602,2025-04-09 04:15:00+00:00,22387.849609375,22468.30078125,22381.75,22468.30078125,0
603,603,2025-04-09 04:30:00+00:00,22371.19921875,22455.44921875,22357.05078125,22387.150390625,0
604,604,2025-04-09 04:45:00+00:00,22398.19921875,22424.900390625,22366.19921875,22370.25,0
605,605,2025-04-09 05:00:00+00:00,22380.900390625,22403.099609375,22368.75,22398.44921875,0
606,606,2025-04-09 05:15:00+00:00,22393.55078125,22405.0,22393.55078125,22395.25,0
607,607,2025-04-09 05:30:00+00:00,22374.55078125,22394.599609375,22353.5,22393.94921875,0
608,608,2025-04-09 05:45:00+00:00,22408.400390625,22410.349609375,22368.69921875,22374.30078125,0
609,609,2025-04-09 06:00:00+00:00,22433.0,22435.44921875,22406.400390625,22409.44921875,0
610,610,2025-04-09 06:15:00+00:00,22414.849609375,22435.349609375,22411.75,22435.349609375,0
611,611,2025-04-09 06:30:00+00:00,22432.150390625,22432.150390625,22405.599609375,22415.150390625,0
612,612,2025-04-09 06:45:00+00:00,22421.0,22434.05078125,22419.400390625,22431.55078125,0
613,613,2025-04-09 07:00:00+00:00,22435.19921875,22448.80078125,22415.150390625,22421.349609375,0
614,614,2025-04-09 07:15:00+00:00,22425.30078125,22442.55078125,22416.25,22435.900390625,0
615,615,2025-04-09 07:30:00+00:00,22432.099609375,22436.55078125,22409.69921875,22425.650390625,0
616,616,2025-04-09 07:45:00+00:00,22417.099609375,22432.900390625,22409.75,22431.80078125,0
617,617,2025-04-09 08:00:00+00:00,22402.69921875,22425.44921875,22396.849609375,22419.94921875,0
618,618,2025-04-09 08:15:00+00:00,22398.650390625,22413.25,22396.55078125,22401.94921875,0
619,619,2025-04-09 08:30:00+00:00,22402.25,22407.44921875,22396.349609375,22398.849609375,0
620,620,2025-04-09 08:45:00+00:00,22403.25,22409.150390625,22399.650390625,22402.400390625,0
621,621,2025-04-09 09:00:00+00:00,22403.69921875,22406.650390625,22398.75,22403.849609375,0
622,622,2025-04-09 09:15:00+00:00,22399.05078125,22407.5,22396.349609375,22404.94921875,0
623,623,2025-04-09 09:30:00+00:00,22402.69921875,22405.55078125,22387.349609375,22399.400390625,0
624,624,2025-04-09 09:45:00+00:00,22420.400390625,22424.75,22393.44921875,22402.900390625,0
625,625,2025-04-11 03:45:00+00:00,22762.150390625,22820.5,22709.94921875,22732.5,0
626,626,2025-04-11 04:00:00+00:00,22849.0,22857.650390625,22761.80078125,22762.44921875,0
627,627,2025-04-11 04:15:00+00:00,22827.599609375,22874.25,22819.94921875,22849.44921875,0
628,628,2025-04-11 04:30:00+00:00,22832.69921875,22859.69921875,22807.80078125,22827.19921875,0
629,629,2025-04-11 04:45:00+00:00,22799.849609375,22843.30078125,22785.80078125,22833.19921875,0
630,630,2025-04-11 05:00:00+00:00,22784.349609375,22836.19921875,22736.05078125,22799.55078125,0
631,631,2025-04-11 05:15:00+00:00,22806.349609375,22810.349609375,22760.75,22784.5,0
632,632,2025-04-11 05:30:00+00:00,22834.69921875,22845.44921875,22805.69921875,22806.650390625,0
633,633,2025-04-11 05:45:00+00:00,22857.099609375,22859.849609375,22820.30078125,22834.19921875,0
634,634,2025-04-11 06:00:00+00:00,22874.900390625,22895.05078125,22856.75,22857.25,0
635,635,2025-04-11 06:15:00+00:00,22875.30078125,22889.0,22860.25,22874.849609375,0
636,636,2025-04-11 06:30:00+00:00,22907.849609375,22909.44921875,22868.0,22875.400390625,0
637,637,2025-04-11 06:45:00+00:00,22906.05078125,22923.900390625,22889.55078125,22908.349609375,0
638,638,2025-04-11 07:00:00+00:00,22893.25,22906.55078125,22872.75,22906.19921875,0
639,639,2025-04-11 07:15:00+00:00,22886.44921875,22906.94921875,22885.400390625,22893.69921875,0
640,640,2025-04-11 07:30:00+00:00,22904.5,22916.099609375,22886.400390625,22887.44921875,0
641,641,2025-04-11 07:45:00+00:00,22874.19921875,22908.44921875,22872.25,22905.400390625,0
642,642,2025-04-11 08:00:00+00:00,22875.099609375,22879.55078125,22846.099609375,22874.599609375,0
643,643,2025-04-11 08:15:00+00:00,22834.75,22875.900390625,22824.30078125,22875.900390625,0
644,644,2025-04-11 08:30:00+00:00,22785.55078125,22835.25,22770.400390625,22835.25,0
645,645,2025-04-11 08:45:00+00:00,22769.80078125,22797.099609375,22762.0,22786.150390625,0
646,646,2025-04-11 09:00:00+00:00,22804.75,22805.80078125,22770.849609375,22771.25,0
647,647,2025-04-11 09:15:00+00:00,22827.0,22834.75,22804.150390625,22806.19921875,0
648,648,2025-04-11 09:30:00+00:00,22830.349609375,22840.150390625,22821.849609375,22826.650390625,0
649,649,2025-04-11 09:45:00+00:00,22844.5,22855.55078125,22810.94921875,22831.05078125,0
650,650,2025-04-15 03:45:00+00:00,23297.650390625,23346.80078125,23211.400390625,23346.80078125,0
651,651,2025-04-15 04:00:00+00:00,23310.94921875,23318.55078125,23264.650390625,23297.900390625,0
652,652,2025-04-15 04:15:00+00:00,23306.099609375,23330.650390625,23298.150390625,23311.05078125,0
653,653,2025-04-15 04:30:00+00:00,23312.099609375,23322.94921875,23301.30078125,23306.55078125,0
654,654,2025-04-15 04:45:00+00:00,23314.900390625,23319.05078125,23298.19921875,23311.94921875,0
655,655,2025-04-15 05:00:00+00:00,23309.599609375,23315.94921875,23300.94921875,23314.05078125,0
656,656,2025-04-15 05:15:00+00:00,23309.55078125,23315.099609375,23300.44921875,23308.900390625,0
657,657,2025-04-15 05:30:00+00:00,23295.150390625,23316.0,23292.80078125,23309.44921875,0
658,658,2025-04-15 05:45:00+00:00,23311.0,23316.349609375,23292.19921875,23295.650390625,0
659,659,2025-04-15 06:00:00+00:00,23304.900390625,23312.599609375,23302.19921875,23310.69921875,0
660,660,2025-04-15 06:15:00+00:00,23312.80078125,23316.150390625,23291.650390625,23304.75,0
661,661,2025-04-15 06:30:00+00:00,23332.55078125,23334.5,23311.25,23312.599609375,0
662,662,2025-04-15 06:45:00+00:00,23337.349609375,23341.5,23328.25,23332.55078125,0
663,663,2025-04-15 07:00:00+00:00,23340.349609375,23350.349609375,23337.400390625,23337.650390625,0
664,664,2025-04-15 07:15:00+00:00,23337.80078125,23346.19921875,23334.19921875,23340.05078125,0
665,665,2025-04-15 07:30:00+00:00,23337.69921875,23350.650390625,23335.44921875,23338.349609375,0
666,666,2025-04-15 07:45:00+00:00,23334.19921875,23340.900390625,23325.849609375,23337.400390625,0
667,667,2025-04-15 08:00:00+00:00,23328.55078125,23337.900390625,23324.94921875,23334.80078125,0
668,668,2025-04-15 08:15:00+00:00,23325.75,23335.5,23322.150390625,23328.650390625,0
669,669,2025-04-15 08:30:00+00:00,23326.05078125,23332.94921875,23315.19921875,23325.44921875,0
670,670,2025-04-15 08:45:00+00:00,23323.19921875,23334.900390625,23322.400390625,23326.0,0
671,671,2025-04-15 09:00:00+00:00,23309.599609375,23323.599609375,23308.349609375,23323.099609375,0
672,672,2025-04-15 09:15:00+00:00,23312.0,23328.05078125,23309.150390625,23309.150390625,0
673,673,2025-04-15 09:30:00+00:00,23321.19921875,23325.94921875,23308.349609375,23312.19921875,0
674,674,2025-04-15 09:45:00+00:00,23344.099609375,23357.099609375,23319.75,23320.94921875,0
675,675,2025-04-16 03:45:00+00:00,23333.75,23347.25,23277.900390625,23344.099609375,0
676,676,2025-04-16 04:00:00+00:00,23357.5,23359.650390625,23326.650390625,23334.19921875,0
677,677,2025-04-16 04:15:00+00:00,23358.0,23372.5,23343.30078125,23357.69921875,0
678,678,2025-04-16 04:30:00+00:00,23355.55078125,23370.349609375,23349.650390625,23357.900390625,0
679,679,2025-04-16 04:45:00+00:00,23302.150390625,23358.94921875,23289.05078125,23355.80078125,0
680,680,2025-04-16 05:00:00+00:00,23300.05078125,23313.75,23280.75,23302.80078125,0
681,681,2025-04-16 05:15:00+00:00,23286.25,23314.599609375,23280.94921875,23300.19921875,0
682,682,2025-04-16 05:30:00+00:00,23319.30078125,23319.30078125,23274.0,23287.650390625,0
683,683,2025-04-16 05:45:00+00:00,23322.900390625,23336.349609375,23316.150390625,23318.849609375,0
684,684,2025-04-16 06:00:00+00:00,23333.849609375,23335.75,23316.0,23323.55078125,0
685,685,2025-04-16 06:15:00+00:00,23326.55078125,23341.349609375,23325.400390625,23333.94921875,0
686,686,2025-04-16 06:30:00+00:00,23339.94921875,23349.599609375,23325.0,23327.69921875,0
687,687,2025-04-16 06:45:00+00:00,23347.55078125,23356.0,23335.900390625,23341.19921875,0
688,688,2025-04-16 07:00:00+00:00,23355.05078125,23362.05078125,23341.94921875,23348.599609375,0
689,689,2025-04-16 07:15:00+00:00,23342.44921875,23357.80078125,23340.69921875,23357.30078125,0
690,690,2025-04-16 07:30:00+00:00,23356.599609375,23357.5,23332.75,23343.44921875,0
691,691,2025-04-16 07:45:00+00:00,23294.80078125,23358.44921875,23291.55078125,23357.30078125,0
692,692,2025-04-16 08:00:00+00:00,23305.19921875,23308.150390625,23286.0,23297.30078125,0
693,693,2025-04-16 08:15:00+00:00,23380.25,23394.25,23293.900390625,23306.650390625,0
694,694,2025-04-16 08:30:00+00:00,23428.599609375,23430.25,23379.849609375,23380.69921875,0
695,695,2025-04-16 08:45:00+00:00,23410.5,23430.5,23405.099609375,23430.5,0
696,696,2025-04-16 09:00:00+00:00,23413.19921875,23419.19921875,23395.69921875,23411.69921875,0
697,697,2025-04-16 09:15:00+00:00,23431.44921875,23434.05078125,23408.69921875,23414.650390625,0
698,698,2025-04-16 09:30:00+00:00,23423.5,23439.150390625,23422.849609375,23431.599609375,0
699,699,2025-04-16 09:45:00+00:00,23434.349609375,23452.05078125,23420.849609375,23424.55078125,0
700,700,2025-04-17 03:45:00+00:00,23309.25,23397.19921875,23299.150390625,23387.0,0
701,701,2025-04-17 04:00:00+00:00,23397.650390625,23403.25,23302.25,23309.80078125,0
702,702,2025-04-17 04:15:00+00:00,23413.099609375,23434.55078125,23394.599609375,23397.099609375,0
703,703,2025-04-17 04:30:00+00:00,23353.400390625,23417.349609375,23341.05078125,23413.05078125,0
704,704,2025-04-17 04:45:00+00:00,23391.69921875,23406.05078125,23342.30078125,23352.75,0
705,705,2025-04-17 05:00:00+00:00,23421.94921875,23426.94921875,23392.0,23392.0,0
706,706,2025-04-17 05:15:00+00:00,23406.650390625,23444.849609375,23402.849609375,23421.80078125,0
707,707,2025-04-17 05:30:00+00:00,23440.099609375,23441.599609375,23369.150390625,23406.55078125,0
708,708,2025-04-17 05:45:00+00:00,23512.099609375,23517.0,23439.349609375,23440.94921875,0
709,709,2025-04-17 06:00:00+00:00,23596.5,23614.900390625,23510.30078125,23512.05078125,0
710,710,2025-04-17 06:15:00+00:00,23601.05078125,23634.349609375,23567.400390625,23598.849609375,0
711,711,2025-04-17 06:30:00+00:00,23634.44921875,23646.75,23576.30078125,23601.19921875,0
712,712,2025-04-17 06:45:00+00:00,23679.25,23682.349609375,23623.0,23634.25,0
713,713,2025-04-17 07:00:00+00:00,23712.349609375,23715.5,23672.349609375,23677.900390625,0
714,714,2025-04-17 07:15:00+00:00,23738.349609375,23746.849609375,23703.30078125,23712.05078125,0
715,715,2025-04-17 07:30:00+00:00,23788.650390625,23788.650390625,23723.94921875,23738.5,0
716,716,2025-04-17 07:45:00+00:00,23775.30078125,23797.400390625,23761.69921875,23787.849609375,0
717,717,2025-04-17 08:00:00+00:00,23816.44921875,23818.94921875,23770.0,23774.349609375,0
718,718,2025-04-17 08:15:00+00:00,23845.05078125,23848.80078125,23812.94921875,23814.599609375,0
719,719,2025-04-17 08:30:00+00:00,23831.150390625,23871.25,23827.55078125,23842.400390625,0
720,720,2025-04-17 08:45:00+00:00,23834.05078125,23845.80078125,23783.80078125,23828.69921875,0
721,721,2025-04-17 09:00:00+00:00,23859.69921875,23867.19921875,23832.599609375,23833.349609375,0
722,722,2025-04-17 09:15:00+00:00,23858.599609375,23868.900390625,23835.80078125,23858.94921875,0
723,723,2025-04-17 09:30:00+00:00,23847.0,23871.30078125,23843.849609375,23857.150390625,0
724,724,2025-04-17 09:45:00+00:00,23837.75,23862.19921875,23831.349609375,23847.19921875,0
725,725,2025-04-21 03:45:00+00:00,23959.30078125,24002.400390625,23903.900390625,23922.150390625,0
726,726,2025-04-21 04:00:00+00:00,24030.0,24035.30078125,23931.25,23958.69921875,0
727,727,2025-04-21 04:15:00+00:00,24031.55078125,24037.650390625,23982.19921875,24027.75,0
728,728,2025-04-21 04:30:00+00:00,24033.44921875,24061.19921875,24015.099609375,24031.349609375,0
729,729,2025-04-21 04:45:00+00:00,24045.650390625,24048.0,24009.30078125,24032.0,0
730,730,2025-04-21 05:00:00+00:00,24067.650390625,24069.25,24040.75,24045.5,0
731,731,2025-04-21 05:15:00+00:00,24099.900390625,24101.5,24062.55078125,24067.44921875,0
732,732,2025-04-21 05:30:00+00:00,24110.0,24110.75,24086.55078125,24101.80078125,0
733,733,2025-04-21 05:45:00+00:00,24125.099609375,24132.69921875,24106.05078125,24110.900390625,0
734,734,2025-04-21 06:00:00+00:00,24108.0,24125.849609375,24099.05078125,24124.19921875,0
735,735,2025-04-21 06:15:00+00:00,24135.19921875,24143.599609375,24106.25,24110.900390625,0
736,736,2025-04-21 06:30:00+00:00,24148.349609375,24150.150390625,24125.650390625,24136.44921875,0
737,737,2025-04-21 06:45:00+00:00,24166.69921875,24182.099609375,24141.30078125,24149.099609375,0
738,738,2025-04-21 07:00:00+00:00,24172.599609375,24185.349609375,24163.44921875,24167.44921875,0
739,739,2025-04-21 07:15:00+00:00,24177.599609375,24188.44921875,24169.75,24172.75,0
740,740,2025-04-21 07:30:00+00:00,24173.75,24188.5,24169.349609375,24178.099609375,0
741,741,2025-04-21 07:45:00+00:00,24154.69921875,24175.55078125,24146.5,24172.150390625,0
742,742,2025-04-21 08:00:00+00:00,24113.19921875,24160.900390625,24109.5,24155.55078125,0
743,743,2025-04-21 08:15:00+00:00,24150.05078125,24171.599609375,24106.5,24113.05078125,0
744,744,2025-04-21 08:30:00+00:00,24143.44921875,24157.349609375,24134.19921875,24148.900390625,0
745,745,2025-04-21 08:45:00+00:00,24138.25,24156.94921875,24133.30078125,24143.349609375,0
746,746,2025-04-21 09:00:00+00:00,24143.0,24146.05078125,24120.0,24138.0,0
747,747,2025-04-21 09:15:00+00:00,24145.25,24156.0,24133.69921875,24140.650390625,0
748,748,2025-04-21 09:30:00+00:00,24114.400390625,24148.19921875,24109.94921875,24146.75,0
749,749,2025-04-21 09:45:00+00:00,24121.19921875,24135.650390625,24112.25,24114.55078125,0
750,750,2025-04-22 03:45:00+00:00,24133.55078125,24196.5,24073.25,24196.5,0
751,751,2025-04-22 04:00:00+00:00,24180.900390625,24190.30078125,24130.05078125,24132.599609375,0
752,752,2025-04-22 04:15:00+00:00,24166.19921875,24188.400390625,24139.19921875,24181.5,0
753,753,2025-04-22 04:30:00+00:00,24195.69921875,24202.55078125,24161.900390625,24166.80078125,0
754,754,2025-04-22 04:45:00+00:00,24195.349609375,24215.099609375,24187.349609375,24195.5,0
755,755,2025-04-22 05:00:00+00:00,24223.849609375,24225.599609375,24193.900390625,24194.25,0
756,756,2025-04-22 05:15:00+00:00,24228.099609375,24230.30078125,24212.349609375,24223.900390625,0
757,757,2025-04-22 05:30:00+00:00,24230.0,24242.25,24214.0,24228.150390625,0
758,758,2025-04-22 05:45:00+00:00,24190.150390625,24233.5,24190.150390625,24230.30078125,0
759,759,2025-04-22 06:00:00+00:00,24209.69921875,24214.94921875,24166.150390625,24189.55078125,0
760,760,2025-04-22 06:15:00+00:00,24217.900390625,24221.400390625,24203.650390625,24209.44921875,0
761,761,2025-04-22 06:30:00+00:00,24202.849609375,24219.69921875,24187.69921875,24217.25,0
762,762,2025-04-22 06:45:00+00:00,24192.650390625,24203.30078125,24182.099609375,24201.849609375,0
763,763,2025-04-22 07:00:00+00:00,24189.30078125,24194.94921875,24175.5,24193.25,0
764,764,2025-04-22 07:15:00+00:00,24180.30078125,24191.150390625,24176.0,24188.849609375,0
765,765,2025-04-22 07:30:00+00:00,24182.099609375,24186.0,24168.25,24180.55078125,0
766,766,2025-04-22 07:45:00+00:00,24188.650390625,24197.55078125,24177.80078125,24183.80078125,0
767,767,2025-04-22 08:00:00+00:00,24182.650390625,24192.599609375,24177.349609375,24188.849609375,0
768,768,2025-04-22 08:15:00+00:00,24180.0,24184.849609375,24173.599609375,24182.349609375,0
769,769,2025-04-22 08:30:00+00:00,24178.80078125,24189.400390625,24174.80078125,24179.599609375,0
770,770,2025-04-22 08:45:00+00:00,24184.150390625,24184.599609375,24173.150390625,24179.349609375,0
771,771,2025-04-22 09:00:00+00:00,24175.900390625,24184.69921875,24171.69921875,24183.650390625,0
772,772,2025-04-22 09:15:00+00:00,24171.55078125,24178.599609375,24144.05078125,24176.0,0
773,773,2025-04-22 09:30:00+00:00,24161.150390625,24181.0,24161.150390625,24172.900390625,0
774,774,2025-04-22 09:45:00+00:00,24134.05078125,24173.94921875,24126.94921875,24162.30078125,0
775,775,2025-04-23 03:45:00+00:00,24319.099609375,24354.30078125,24285.150390625,24350.150390625,0
776,776,2025-04-23 04:00:00+00:00,24320.650390625,24329.599609375,24265.19921875,24317.599609375,0
777,777,2025-04-23 04:15:00+00:00,24305.900390625,24345.69921875,24302.19921875,24321.05078125,0
778,778,2025-04-23 04:30:00+00:00,24190.650390625,24318.25,24189.94921875,24306.650390625,0
779,779,2025-04-23 04:45:00+00:00,24230.55078125,24232.400390625,24189.94921875,24191.55078125,0
780,780,2025-04-23 05:00:00+00:00,24169.5,24242.099609375,24169.5,24231.30078125,0
781,781,2025-04-23 05:15:00+00:00,24152.44921875,24182.55078125,24120.150390625,24170.150390625,0
782,782,2025-04-23 05:30:00+00:00,24191.69921875,24197.05078125,24152.69921875,24152.69921875,0
783,783,2025-04-23 05:45:00+00:00,24195.94921875,24219.19921875,24180.0,24192.30078125,0
784,784,2025-04-23 06:00:00+00:00,24239.19921875,24242.150390625,24188.599609375,24195.650390625,0
785,785,2025-04-23 06:15:00+00:00,24205.099609375,24251.80078125,24203.75,24239.0,0
786,786,2025-04-23 06:30:00+00:00,24222.650390625,24226.30078125,24197.900390625,24205.400390625,0
787,787,2025-04-23 06:45:00+00:00,24209.05078125,24226.650390625,24201.900390625,24222.5,0
788,788,2025-04-23 07:00:00+00:00,24229.349609375,24229.5,24207.849609375,24208.900390625,0
789,789,2025-04-23 07:15:00+00:00,24248.55078125,24250.44921875,24226.30078125,24228.80078125,0
790,790,2025-04-23 07:30:00+00:00,24243.30078125,24266.75,24229.44921875,24247.900390625,0
791,791,2025-04-23 07:45:00+00:00,24259.400390625,24261.650390625,24230.55078125,24243.5,0
792,792,2025-04-23 08:00:00+00:00,24274.650390625,24276.80078125,24251.0,24259.400390625,0
793,793,2025-04-23 08:15:00+00:00,24298.5,24300.349609375,24266.650390625,24274.55078125,0
794,794,2025-04-23 08:30:00+00:00,24303.44921875,24306.599609375,24289.44921875,24298.5,0
795,795,2025-04-23 08:45:00+00:00,24309.349609375,24314.80078125,24292.05078125,24303.80078125,0
796,796,2025-04-23 09:00:00+00:00,24290.30078125,24315.099609375,24278.80078125,24309.55078125,0
797,797,2025-04-23 09:15:00+00:00,24317.900390625,24319.099609375,24290.099609375,24290.69921875,0
798,798,2025-04-23 09:30:00+00:00,24334.80078125,24340.25,24317.599609375,24318.5,0
799,799,2025-04-23 09:45:00+00:00,24300.849609375,24336.900390625,24287.900390625,24334.75,0
800,800,2025-04-24 03:45:00+00:00,24253.400390625,24293.30078125,24251.80078125,24277.900390625,0
801,801,2025-04-24 04:00:00+00:00,24263.94921875,24347.55078125,24248.80078125,24253.099609375,0
802,802,2025-04-24 04:15:00+00:00,24270.75,24291.05078125,24239.69921875,24263.0,0
803,803,2025-04-24 04:30:00+00:00,24297.349609375,24297.900390625,24262.19921875,24270.69921875,0
804,804,2025-04-24 04:45:00+00:00,24302.19921875,24313.099609375,24285.0,24297.849609375,0
805,805,2025-04-24 05:00:00+00:00,24276.849609375,24302.19921875,24272.900390625,24302.19921875,0
806,806,2025-04-24 05:15:00+00:00,24276.19921875,24285.0,24268.80078125,24277.099609375,0
807,807,2025-04-24 05:30:00+00:00,24279.05078125,24287.75,24270.05078125,24275.849609375,0
808,808,2025-04-24 05:45:00+00:00,24257.5,24283.75,24252.900390625,24279.150390625,0
809,809,2025-04-24 06:00:00+00:00,24264.5,24269.25,24254.650390625,24256.349609375,0
810,810,2025-04-24 06:15:00+00:00,24259.55078125,24271.25,24257.75,24263.75,0
811,811,2025-04-24 06:30:00+00:00,24260.30078125,24270.650390625,24255.5,24258.900390625,0
812,812,2025-04-24 06:45:00+00:00,24257.25,24273.099609375,24256.400390625,24260.30078125,0
813,813,2025-04-24 07:00:00+00:00,24263.69921875,24268.30078125,24248.400390625,24256.5,0
814,814,2025-04-24 07:15:00+00:00,24265.5,24273.400390625,24261.599609375,24264.05078125,0
815,815,2025-04-24 07:30:00+00:00,24257.5,24271.900390625,24257.5,24266.099609375,0
816,816,2025-04-24 07:45:00+00:00,24255.849609375,24265.19921875,24253.5,24258.75,0
817,817,2025-04-24 08:00:00+00:00,24250.650390625,24263.44921875,24242.05078125,24257.0,0
818,818,2025-04-24 08:15:00+00:00,24249.19921875,24254.150390625,24243.44921875,24250.69921875,0
819,819,2025-04-24 08:30:00+00:00,24247.099609375,24258.900390625,24245.05078125,24249.099609375,0
820,820,2025-04-24 08:45:00+00:00,24248.80078125,24263.150390625,24243.75,24247.400390625,0
821,821,2025-04-24 09:00:00+00:00,24243.150390625,24253.94921875,24232.400390625,24249.25,0
822,822,2025-04-24 09:15:00+00:00,24221.25,24246.400390625,24217.19921875,24243.30078125,0
823,823,2025-04-24 09:30:00+00:00,24250.150390625,24259.69921875,24222.75,24222.75,0
824,824,2025-04-24 09:45:00+00:00,24245.05078125,24257.19921875,24240.75,24250.94921875,0
825,825,2025-04-25 03:45:00+00:00,24320.849609375,24364.849609375,24274.94921875,24289.0,0
826,826,2025-04-25 04:00:00+00:00,24208.150390625,24327.849609375,24188.900390625,24319.349609375,0
827,827,2025-04-25 04:15:00+00:00,24079.19921875,24215.849609375,24067.55078125,24208.75,0
828,828,2025-04-25 04:30:00+00:00,24032.400390625,24080.650390625,23950.349609375,24080.30078125,0
829,829,2025-04-25 04:45:00+00:00,23925.69921875,24043.650390625,23924.05078125,24033.650390625,0
830,830,2025-04-25 05:00:00+00:00,23964.849609375,23997.650390625,23908.94921875,23927.5,0
831,831,2025-04-25 05:15:00+00:00,23941.69921875,23987.80078125,23923.55078125,23965.5,0
832,832,2025-04-25 05:30:00+00:00,23941.44921875,23950.099609375,23901.44921875,23939.099609375,0
833,833,2025-04-25 05:45:00+00:00,23912.150390625,23945.900390625,23879.69921875,23940.349609375,0
834,834,2025-04-25 06:00:00+00:00,23903.400390625,23927.25,23886.099609375,23912.05078125,0
835,835,2025-04-25 06:15:00+00:00,23871.80078125,23904.849609375,23848.349609375,23904.75,0
836,836,2025-04-25 06:30:00+00:00,23937.94921875,23946.650390625,23859.25,23872.5,0
837,837,2025-04-25 06:45:00+00:00,23942.80078125,23962.650390625,23922.0,23938.150390625,0
838,838,2025-04-25 07:00:00+00:00,23951.25,23984.80078125,23935.849609375,23943.55078125,0
839,839,2025-04-25 07:15:00+00:00,24028.05078125,24033.0,23950.400390625,23951.05078125,0
840,840,2025-04-25 07:30:00+00:00,24047.44921875,24060.80078125,24013.05078125,24026.44921875,0
841,841,2025-04-25 07:45:00+00:00,24037.900390625,24071.150390625,24029.5,24047.150390625,0
842,842,2025-04-25 08:00:00+00:00,24084.05078125,24098.25,24034.599609375,24036.75,0
843,843,2025-04-25 08:15:00+00:00,24147.900390625,24149.599609375,24078.55078125,24084.599609375,0
844,844,2025-04-25 08:30:00+00:00,24077.80078125,24150.650390625,24046.0,24147.75,0
845,845,2025-04-25 08:45:00+00:00,24103.69921875,24130.25,24076.44921875,24077.099609375,0
846,846,2025-04-25 09:00:00+00:00,24064.400390625,24106.900390625,24042.75,24104.0,0
847,847,2025-04-25 09:15:00+00:00,24077.55078125,24100.30078125,24038.150390625,24064.30078125,0
848,848,2025-04-25 09:30:00+00:00,24052.80078125,24085.349609375,24045.94921875,24076.94921875,0
849,849,2025-04-25 09:45:00+00:00,23991.05078125,24054.650390625,23986.099609375,24052.94921875,0
850,850,2025-04-28 03:45:00+00:00,24117.94921875,24151.650390625,24059.150390625,24071.69921875,0
851,851,2025-04-28 04:00:00+00:00,24176.599609375,24227.400390625,24108.650390625,24117.05078125,0
852,852,2025-04-28 04:15:00+00:00,24229.30078125,24231.25,24174.30078125,24175.75,0
853,853,2025-04-28 04:30:00+00:00,24275.849609375,24279.05078125,24217.80078125,24228.599609375,0
854,854,2025-04-28 04:45:00+00:00,24236.849609375,24282.75,24229.349609375,24276.0,0
855,855,2025-04-28 05:00:00+00:00,24245.349609375,24263.150390625,24237.69921875,24238.05078125,0
856,856,2025-04-28 05:15:00+00:00,24276.900390625,24282.900390625,24242.80078125,24245.44921875,0
857,857,2025-04-28 05:30:00+00:00,24235.0,24282.19921875,24227.75,24276.75,0
858,858,2025-04-28 05:45:00+00:00,24252.900390625,24253.69921875,24210.75,24236.19921875,0
859,859,2025-04-28 06:00:00+00:00,24276.55078125,24280.44921875,24248.650390625,24253.94921875,0
860,860,2025-04-28 06:15:00+00:00,24271.5,24288.69921875,24261.30078125,24276.55078125,0
861,861,2025-04-28 06:30:00+00:00,24289.650390625,24296.5,24271.599609375,24271.599609375,0
862,862,2025-04-28 06:45:00+00:00,24344.849609375,24346.349609375,24286.94921875,24292.30078125,0
863,863,2025-04-28 07:00:00+00:00,24336.44921875,24350.69921875,24326.599609375,24347.44921875,0
864,864,2025-04-28 07:15:00+00:00,24348.75,24354.75,24332.150390625,24339.5,0
865,865,2025-04-28 07:30:00+00:00,24339.0,24352.5,24313.5,24350.69921875,0
866,866,2025-04-28 07:45:00+00:00,24331.900390625,24351.55078125,24319.900390625,24341.849609375,0
867,867,2025-04-28 08:00:00+00:00,24341.94921875,24347.099609375,24323.19921875,24335.099609375,0
868,868,2025-04-28 08:15:00+00:00,24332.0,24351.599609375,24325.900390625,24344.599609375,0
869,869,2025-04-28 08:30:00+00:00,24350.599609375,24352.30078125,24328.30078125,24335.849609375,0
870,870,2025-04-28 08:45:00+00:00,24305.05078125,24353.69921875,24293.55078125,24352.599609375,0
871,871,2025-04-28 09:00:00+00:00,24273.650390625,24321.650390625,24265.44921875,24308.0,0
872,872,2025-04-28 09:15:00+00:00,24318.44921875,24325.599609375,24260.900390625,24276.44921875,0
873,873,2025-04-28 09:30:00+00:00,24324.099609375,24341.30078125,24311.849609375,24322.19921875,0
874,874,2025-04-28 09:45:00+00:00,24312.900390625,24337.75,24309.55078125,24325.599609375,0
875,875,2025-04-29 03:45:00+00:00,24417.099609375,24456.849609375,24370.69921875,24370.69921875,0
876,876,2025-04-29 04:00:00+00:00,24316.599609375,24452.900390625,24304.599609375,24418.25,0
877,877,2025-04-29 04:15:00+00:00,24390.25,24395.0,24291.0,24317.849609375,0
878,878,2025-04-29 04:30:00+00:00,24351.55078125,24396.150390625,24333.80078125,24390.0,0
879,879,2025-04-29 04:45:00+00:00,24317.80078125,24354.099609375,24311.30078125,24351.30078125,0
880,880,2025-04-29 05:00:00+00:00,24321.5,24335.25,24305.5,24318.849609375,0
881,881,2025-04-29 05:15:00+00:00,24333.80078125,24353.69921875,24317.94921875,24321.849609375,0
882,882,2025-04-29 05:30:00+00:00,24356.05078125,24369.849609375,24332.80078125,24334.69921875,0
883,883,2025-04-29 05:45:00+00:00,24349.25,24360.349609375,24338.94921875,24356.55078125,0
884,884,2025-04-29 06:00:00+00:00,24354.400390625,24356.80078125,24334.94921875,24348.650390625,0
885,885,2025-04-29 06:15:00+00:00,24312.69921875,24355.80078125,24311.94921875,24354.650390625,0
886,886,2025-04-29 06:30:00+00:00,24316.599609375,24323.75,24302.44921875,24313.25,0
887,887,2025-04-29 06:45:00+00:00,24309.75,24321.599609375,24304.099609375,24316.400390625,0
888,888,2025-04-29 07:00:00+00:00,24341.849609375,24347.94921875,24309.150390625,24309.25,0
889,889,2025-04-29 07:15:00+00:00,24358.94921875,24363.55078125,24330.599609375,24338.80078125,0
890,890,2025-04-29 07:30:00+00:00,24356.849609375,24369.5,24350.599609375,24358.25,0
891,891,2025-04-29 07:45:00+00:00,24366.05078125,24376.05078125,24341.349609375,24355.44921875,0
892,892,2025-04-29 08:00:00+00:00,24353.900390625,24372.69921875,24351.0,24366.650390625,0
893,893,2025-04-29 08:15:00+00:00,24358.25,24368.75,24347.650390625,24352.69921875,0
894,894,2025-04-29 08:30:00+00:00,24365.94921875,24375.5,24356.849609375,24360.150390625,0
895,895,2025-04-29 08:45:00+00:00,24346.0,24368.30078125,24342.400390625,24366.900390625,0
896,896,2025-04-29 09:00:00+00:00,24356.44921875,24361.94921875,24339.0,24346.44921875,0
897,897,2025-04-29 09:15:00+00:00,24340.19921875,24358.0,24339.44921875,24356.19921875,0
898,898,2025-04-29 09:30:00+00:00,24326.44921875,24347.80078125,24324.44921875,24340.55078125,0
899,899,2025-04-29 09:45:00+00:00,24325.44921875,24348.5,24310.599609375,24326.19921875,0
900,900,2025-04-30 03:45:00+00:00,24322.25,24342.05078125,24270.349609375,24342.05078125,0
901,901,2025-04-30 04:00:00+00:00,24346.80078125,24364.900390625,24314.849609375,24324.05078125,0
902,902,2025-04-30 04:15:00+00:00,24364.099609375,24395.150390625,24346.30078125,24348.5,0
903,903,2025-04-30 04:30:00+00:00,24353.349609375,24371.94921875,24348.25,24366.099609375,0
904,904,2025-04-30 04:45:00+00:00,24332.0,24362.94921875,24330.55078125,24353.75,0
905,905,2025-04-30 05:00:00+00:00,24321.55078125,24334.099609375,24290.400390625,24330.849609375,0
906,906,2025-04-30 05:15:00+00:00,24341.400390625,24344.80078125,24317.900390625,24321.19921875,0
907,907,2025-04-30 05:30:00+00:00,24329.650390625,24354.44921875,24326.150390625,24341.25,0
908,908,2025-04-30 05:45:00+00:00,24330.44921875,24371.599609375,24329.05078125,24329.94921875,0
909,909,2025-04-30 06:00:00+00:00,24332.30078125,24337.849609375,24326.44921875,24330.849609375,0
910,910,2025-04-30 06:15:00+00:00,24341.349609375,24345.849609375,24313.55078125,24332.30078125,0
911,911,2025-04-30 06:30:00+00:00,24344.75,24353.69921875,24336.80078125,24341.400390625,0
912,912,2025-04-30 06:45:00+00:00,24349.75,24365.0,24339.44921875,24344.94921875,0
913,913,2025-04-30 07:00:00+00:00,24356.94921875,24363.75,24342.400390625,24349.69921875,0
914,914,2025-04-30 07:15:00+00:00,24341.849609375,24360.099609375,24339.69921875,24356.5,0
915,915,2025-04-30 07:30:00+00:00,24334.5,24342.400390625,24326.69921875,24340.19921875,0
916,916,2025-04-30 07:45:00+00:00,24332.5,24343.099609375,24327.44921875,24333.80078125,0
917,917,2025-04-30 08:00:00+00:00,24350.44921875,24350.80078125,24332.5,24332.69921875,0
918,918,2025-04-30 08:15:00+00:00,24347.099609375,24353.25,24334.55078125,24349.5,0
919,919,2025-04-30 08:30:00+00:00,24340.650390625,24351.55078125,24335.55078125,24347.099609375,0
920,920,2025-04-30 08:45:00+00:00,24336.150390625,24343.099609375,24331.400390625,24340.650390625,0
921,921,2025-04-30 09:00:00+00:00,24339.44921875,24344.25,24324.150390625,24336.80078125,0
922,922,2025-04-30 09:15:00+00:00,24368.55078125,24388.80078125,24338.30078125,24339.5,0
923,923,2025-04-30 09:30:00+00:00,24349.400390625,24395.80078125,24348.44921875,24367.30078125,0
924,924,2025-04-30 09:45:00+00:00,24243.44921875,24353.150390625,24230.099609375,24348.849609375,0
925,925,2025-05-02 03:45:00+00:00,24487.599609375,24488.349609375,24313.0,24320.349609375,0
926,926,2025-05-02 04:00:00+00:00,24529.849609375,24551.05078125,24485.349609375,24487.099609375,0
927,927,2025-05-02 04:15:00+00:00,24572.0,24575.80078125,24516.69921875,24530.599609375,0
928,928,2025-05-02 04:30:00+00:00,24581.94921875,24588.650390625,24558.349609375,24571.19921875,0
929,929,2025-05-02 04:45:00+00:00,24520.69921875,24587.25,24520.69921875,24581.849609375,0
930,930,2025-05-02 05:00:00+00:00,24502.05078125,24531.150390625,24468.599609375,24521.349609375,0
931,931,2025-05-02 05:15:00+00:00,24432.0,24507.19921875,24410.44921875,24502.05078125,0
932,932,2025-05-02 05:30:00+00:00,24422.900390625,24445.30078125,24404.69921875,24431.69921875,0
933,933,2025-05-02 05:45:00+00:00,24387.30078125,24443.05078125,24371.19921875,24424.650390625,0
934,934,2025-05-02 06:00:00+00:00,24336.099609375,24387.94921875,24319.75,24387.25,0
935,935,2025-05-02 06:15:00+00:00,24354.69921875,24365.0,24326.349609375,24336.05078125,0
936,936,2025-05-02 06:30:00+00:00,24315.0,24355.80078125,24303.05078125,24354.599609375,0
937,937,2025-05-02 06:45:00+00:00,24242.75,24314.150390625,24239.30078125,24314.05078125,0
938,938,2025-05-02 07:00:00+00:00,24283.30078125,24283.650390625,24241.0,24241.849609375,0
939,939,2025-05-02 07:15:00+00:00,24282.94921875,24310.849609375,24280.650390625,24282.80078125,0
940,940,2025-05-02 07:30:00+00:00,24297.0,24310.099609375,24266.19921875,24282.849609375,0
941,941,2025-05-02 07:45:00+00:00,24364.80078125,24368.849609375,24296.25,24297.05078125,0
942,942,2025-05-02 08:00:00+00:00,24392.349609375,24412.19921875,24363.099609375,24364.75,0
943,943,2025-05-02 08:15:00+00:00,24378.80078125,24405.80078125,24374.55078125,24391.94921875,0
944,944,2025-05-02 08:30:00+00:00,24373.55078125,24400.650390625,24359.0,24378.5,0
945,945,2025-05-02 08:45:00+00:00,24306.25,24389.19921875,24304.599609375,24372.44921875,0
946,946,2025-05-02 09:00:00+00:00,24326.650390625,24332.25,24286.900390625,24306.75,0
947,947,2025-05-02 09:15:00+00:00,24373.94921875,24381.80078125,24319.099609375,24325.349609375,0
948,948,2025-05-02 09:30:00+00:00,24367.150390625,24397.75,24338.150390625,24373.400390625,0
949,949,2025-05-02 09:45:00+00:00,24313.650390625,24368.150390625,24309.849609375,24365.44921875,0
950,950,2025-05-05 03:45:00+00:00,24443.150390625,24477.400390625,24411.44921875,24411.44921875,0
951,951,2025-05-05 04:00:00+00:00,24449.150390625,24452.44921875,24403.099609375,24442.25,0
952,952,2025-05-05 04:15:00+00:00,24503.650390625,24505.44921875,24439.400390625,24449.80078125,0
953,953,2025-05-05 04:30:00+00:00,24479.099609375,24510.599609375,24464.0,24504.19921875,0
954,954,2025-05-05 04:45:00+00:00,24479.55078125,24500.25,24468.30078125,24479.80078125,0
955,955,2025-05-05 05:00:00+00:00,24522.650390625,24526.19921875,24480.19921875,24480.19921875,0
956,956,2025-05-05 05:15:00+00:00,24471.099609375,24523.55078125,24460.44921875,24521.599609375,0
957,957,2025-05-05 05:30:00+00:00,24486.19921875,24488.80078125,24459.650390625,24472.0,0
958,958,2025-05-05 05:45:00+00:00,24465.349609375,24495.900390625,24464.30078125,24487.19921875,0
959,959,2025-05-05 06:00:00+00:00,24447.05078125,24481.599609375,24436.150390625,24465.5,0
960,960,2025-05-05 06:15:00+00:00,24445.400390625,24449.5,24414.44921875,24447.25,0
961,961,2025-05-05 06:30:00+00:00,24448.69921875,24459.75,24437.650390625,24444.900390625,0
962,962,2025-05-05 06:45:00+00:00,24457.349609375,24457.5,24430.0,24448.69921875,0
963,963,2025-05-05 07:00:00+00:00,24456.099609375,24460.599609375,24442.900390625,24457.400390625,0
964,964,2025-05-05 07:15:00+00:00,24474.30078125,24475.94921875,24441.69921875,24455.650390625,0
965,965,2025-05-05 07:30:00+00:00,24451.05078125,24477.0,24443.349609375,24475.150390625,0
966,966,2025-05-05 07:45:00+00:00,24454.69921875,24463.599609375,24434.05078125,24451.25,0
967,967,2025-05-05 08:00:00+00:00,24473.650390625,24476.05078125,24450.849609375,24453.69921875,0
968,968,2025-05-05 08:15:00+00:00,24482.599609375,24492.900390625,24469.5,24473.849609375,0
969,969,2025-05-05 08:30:00+00:00,24472.900390625,24490.349609375,24472.55078125,24482.75,0
970,970,2025-05-05 08:45:00+00:00,24464.349609375,24476.0,24455.0,24473.900390625,0
971,971,2025-05-05 09:00:00+00:00,24475.94921875,24492.150390625,24464.69921875,24465.349609375,0
972,972,2025-05-05 09:15:00+00:00,24471.150390625,24487.0,24467.900390625,24475.69921875,0
973,973,2025-05-05 09:30:00+00:00,24448.30078125,24474.0,24442.150390625,24471.099609375,0
974,974,2025-05-05 09:45:00+00:00,24459.5,24475.19921875,24447.5,24448.599609375,0
975,975,2025-05-06 03:45:00+00:00,24433.0,24501.400390625,24421.25,24501.400390625,0
976,976,2025-05-06 04:00:00+00:00,24458.099609375,24477.05078125,24424.099609375,24433.099609375,0
977,977,2025-05-06 04:15:00+00:00,24391.650390625,24459.5,24388.900390625,24457.650390625,0
978,978,2025-05-06 04:30:00+00:00,24389.69921875,24414.349609375,24380.650390625,24391.0,0
979,979,2025-05-06 04:45:00+00:00,24385.80078125,24392.099609375,24369.19921875,24388.69921875,0
980,980,2025-05-06 05:00:00+00:00,24397.05078125,24399.19921875,24375.5,24385.94921875,0
981,981,2025-05-06 05:15:00+00:00,24403.05078125,24406.150390625,24384.69921875,24397.599609375,0
982,982,2025-05-06 05:30:00+00:00,24387.94921875,24405.25,24386.099609375,24403.55078125,0
983,983,2025-05-06 05:45:00+00:00,24371.75,24390.349609375,24366.900390625,24388.099609375,0
984,984,2025-05-06 06:00:00+00:00,24361.150390625,24375.44921875,24356.94921875,24372.150390625,0
985,985,2025-05-06 06:15:00+00:00,24378.44921875,24393.30078125,24357.349609375,24359.80078125,0
986,986,2025-05-06 06:30:00+00:00,24392.19921875,24396.849609375,24372.25,24377.75,0
987,987,2025-05-06 06:45:00+00:00,24393.44921875,24402.05078125,24384.5,24390.400390625,0
988,988,2025-05-06 07:00:00+00:00,24385.349609375,24398.55078125,24378.099609375,24392.94921875,0
989,989,2025-05-06 07:15:00+00:00,24378.349609375,24388.75,24372.94921875,24384.05078125,0
990,990,2025-05-06 07:30:00+00:00,24383.25,24394.19921875,24367.05078125,24376.400390625,0
991,991,2025-05-06 07:45:00+00:00,24389.19921875,24394.349609375,24376.0,24382.80078125,0
992,992,2025-05-06 08:00:00+00:00,24391.599609375,24396.05078125,24384.94921875,24387.849609375,0
993,993,2025-05-06 08:15:00+00:00,24405.5,24405.5,24386.5,24390.05078125,0
994,994,2025-05-06 08:30:00+00:00,24389.05078125,24408.400390625,24379.05078125,24405.55078125,0
995,995,2025-05-06 08:45:00+00:00,24373.75,24390.650390625,24361.900390625,24387.25,0
996,996,2025-05-06 09:00:00+00:00,24379.900390625,24385.55078125,24370.349609375,24372.849609375,0
997,997,2025-05-06 09:15:00+00:00,24368.55078125,24382.80078125,24356.400390625,24377.5,0
998,998,2025-05-06 09:30:00+00:00,24387.650390625,24400.650390625,24365.5,24365.5,0
999,999,2025-05-06 09:45:00+00:00,24335.900390625,24389.25,24332.75,24387.69921875,0
1000,1000,2025-05-07 03:45:00+00:00,24427.19921875,24436.099609375,24224.650390625,24224.650390625,0
1001,1001,2025-05-07 04:00:00+00:00,24402.849609375,24449.349609375,24391.30078125,24428.5,0
1002,1002,2025-05-07 04:15:00+00:00,24359.150390625,24404.55078125,24320.05078125,24402.099609375,0
1003,1003,2025-05-07 04:30:00+00:00,24304.099609375,24369.150390625,24290.30078125,24358.650390625,0
1004,1004,2025-05-07 04:45:00+00:00,24329.25,24359.650390625,24285.0,24303.5,0
1005,1005,2025-05-07 05:00:00+00:00,24355.900390625,24372.849609375,24329.19921875,24329.80078125,0
1006,1006,2025-05-07 05:15:00+00:00,24335.80078125,24372.0,24324.75,24356.900390625,0
1007,1007,2025-05-07 05:30:00+00:00,24372.599609375,24373.75,24334.75,24334.75,0
1008,1008,2025-05-07 05:45:00+00:00,24406.44921875,24416.19921875,24372.5,24372.5,0
1009,1009,2025-05-07 06:00:00+00:00,24408.94921875,24430.400390625,24402.44921875,24406.55078125,0
1010,1010,2025-05-07 06:15:00+00:00,24357.75,24408.80078125,24349.75,24408.80078125,0
1011,1011,2025-05-07 06:30:00+00:00,24374.849609375,24382.55078125,24352.900390625,24358.30078125,0
1012,1012,2025-05-07 06:45:00+00:00,24387.349609375,24391.400390625,24365.650390625,24374.650390625,0
1013,1013,2025-05-07 07:00:00+00:00,24388.349609375,24398.25,24380.94921875,24387.55078125,0
1014,1014,2025-05-07 07:15:00+00:00,24382.94921875,24400.400390625,24380.349609375,24388.650390625,0
1015,1015,2025-05-07 07:30:00+00:00,24362.05078125,24383.349609375,24354.94921875,24382.349609375,0
1016,1016,2025-05-07 07:45:00+00:00,24356.900390625,24372.650390625,24356.400390625,24362.0,0
1017,1017,2025-05-07 08:00:00+00:00,24355.900390625,24364.0,24345.349609375,24356.849609375,0
1018,1018,2025-05-07 08:15:00+00:00,24371.25,24372.94921875,24346.150390625,24355.69921875,0
1019,1019,2025-05-07 08:30:00+00:00,24406.900390625,24422.94921875,24368.30078125,24372.900390625,0
1020,1020,2025-05-07 08:45:00+00:00,24392.80078125,24416.849609375,24367.849609375,24410.94921875,0
1021,1021,2025-05-07 09:00:00+00:00,24414.69921875,24426.05078125,24390.25,24394.349609375,0
1022,1022,2025-05-07 09:15:00+00:00,24395.349609375,24417.44921875,24394.400390625,24416.150390625,0
1023,1023,2025-05-07 09:30:00+00:00,24407.05078125,24424.05078125,24395.69921875,24395.69921875,0
1024,1024,2025-05-07 09:45:00+00:00,24409.30078125,24425.05078125,24403.80078125,24406.80078125,0
1025,1025,2025-05-08 03:45:00+00:00,24394.75,24445.25,24382.25,24431.5,0
1026,1026,2025-05-08 04:00:00+00:00,24390.849609375,24406.650390625,24374.55078125,24392.30078125,0
1027,1027,2025-05-08 04:15:00+00:00,24380.400390625,24394.650390625,24373.849609375,24391.5,0
1028,1028,2025-05-08 04:30:00+00:00,24391.849609375,24402.19921875,24380.19921875,24380.30078125,0
1029,1029,2025-05-08 04:45:00+00:00,24404.349609375,24412.30078125,24384.349609375,24391.55078125,0
1030,1030,2025-05-08 05:00:00+00:00,24398.400390625,24409.44921875,24388.0,24404.44921875,0
1031,1031,2025-05-08 05:15:00+00:00,24397.349609375,24405.900390625,24390.30078125,24398.900390625,0
1032,1032,2025-05-08 05:30:00+00:00,24399.599609375,24407.80078125,24395.150390625,24397.25,0
1033,1033,2025-05-08 05:45:00+00:00,24412.55078125,24415.80078125,24397.44921875,24398.05078125,0
1034,1034,2025-05-08 06:00:00+00:00,24407.849609375,24413.599609375,24403.599609375,24412.30078125,0
1035,1035,2025-05-08 06:15:00+00:00,24401.900390625,24410.19921875,24398.25,24408.55078125,0
1036,1036,2025-05-08 06:30:00+00:00,24403.55078125,24404.25,24396.69921875,24401.30078125,0
1037,1037,2025-05-08 06:45:00+00:00,24400.75,24411.19921875,24399.25,24403.400390625,0
1038,1038,2025-05-08 07:00:00+00:00,24397.25,24405.30078125,24395.349609375,24402.349609375,0
1039,1039,2025-05-08 07:15:00+00:00,24399.30078125,24403.900390625,24394.0,24397.150390625,0
1040,1040,2025-05-08 07:30:00+00:00,24385.0,24400.099609375,24381.05078125,24400.099609375,0
1041,1041,2025-05-08 07:45:00+00:00,24366.44921875,24386.69921875,24350.150390625,24385.94921875,0
1042,1042,2025-05-08 08:00:00+00:00,24336.349609375,24375.849609375,24330.599609375,24366.55078125,0
1043,1043,2025-05-08 08:15:00+00:00,24329.900390625,24361.099609375,24322.650390625,24337.44921875,0
1044,1044,2025-05-08 08:30:00+00:00,24317.5,24344.44921875,24314.400390625,24330.400390625,0
1045,1045,2025-05-08 08:45:00+00:00,24349.5,24354.599609375,24314.80078125,24316.94921875,0
1046,1046,2025-05-08 09:00:00+00:00,24337.75,24357.30078125,24331.150390625,24349.75,0
1047,1047,2025-05-08 09:15:00+00:00,24262.849609375,24339.900390625,24244.400390625,24338.19921875,0
1048,1048,2025-05-08 09:30:00+00:00,24308.44921875,24322.599609375,24247.69921875,24262.19921875,0
1049,1049,2025-05-08 09:45:00+00:00,24153.19921875,24310.900390625,24151.44921875,24309.150390625,0
1050,1050,2025-05-09 03:45:00+00:00,24080.80078125,24163.650390625,23960.25,23960.25,0
1051,1051,2025-05-09 04:00:00+00:00,24090.5,24122.69921875,24039.150390625,24083.55078125,0
1052,1052,2025-05-09 04:15:00+00:00,24012.5,24111.69921875,24011.099609375,24092.25,0
1053,1053,2025-05-09 04:30:00+00:00,24060.650390625,24063.44921875,23949.19921875,24012.599609375,0
1054,1054,2025-05-09 04:45:00+00:00,24046.69921875,24086.75,24030.55078125,24061.19921875,0
1055,1055,2025-05-09 05:00:00+00:00,24009.25,24063.25,24007.75,24046.599609375,0
1056,1056,2025-05-09 05:15:00+00:00,23987.30078125,24019.0,23976.650390625,24008.650390625,0
1057,1057,2025-05-09 05:30:00+00:00,24012.849609375,24017.19921875,23987.44921875,23987.44921875,0
1058,1058,2025-05-09 05:45:00+00:00,24093.900390625,24094.0,23999.44921875,24012.30078125,0
1059,1059,2025-05-09 06:00:00+00:00,24057.55078125,24121.30078125,24057.55078125,24093.0,0
1060,1060,2025-05-09 06:15:00+00:00,24055.30078125,24060.849609375,24013.94921875,24055.900390625,0
1061,1061,2025-05-09 06:30:00+00:00,24049.69921875,24056.099609375,24024.0,24053.650390625,0
1062,1062,2025-05-09 06:45:00+00:00,24036.400390625,24054.55078125,24010.150390625,24049.849609375,0
1063,1063,2025-05-09 07:00:00+00:00,24006.849609375,24036.150390625,24004.849609375,24036.150390625,0
1064,1064,2025-05-09 07:15:00+00:00,24033.349609375,24045.599609375,24001.849609375,24006.80078125,0
1065,1065,2025-05-09 07:30:00+00:00,24009.25,24038.5,23992.80078125,24032.650390625,0
1066,1066,2025-05-09 07:45:00+00:00,23966.900390625,24024.69921875,23961.69921875,24008.80078125,0
1067,1067,2025-05-09 08:00:00+00:00,23980.650390625,23998.5,23963.80078125,23965.75,0
1068,1068,2025-05-09 08:15:00+00:00,23980.75,24013.5,23972.849609375,23980.349609375,0
1069,1069,2025-05-09 08:30:00+00:00,24005.05078125,24011.30078125,23977.94921875,23978.400390625,0
1070,1070,2025-05-09 08:45:00+00:00,23965.44921875,24032.75,23960.94921875,24004.599609375,0
1071,1071,2025-05-09 09:00:00+00:00,23987.30078125,23995.55078125,23963.19921875,23964.94921875,0
1072,1072,2025-05-09 09:15:00+00:00,24016.75,24025.69921875,23985.650390625,23986.150390625,0
1073,1073,2025-05-09 09:30:00+00:00,24000.55078125,24017.55078125,23988.44921875,24013.80078125,0
1074,1074,2025-05-09 09:45:00+00:00,24038.650390625,24046.900390625,23997.349609375,23999.30078125,0
1075,1075,2025-05-12 03:45:00+00:00,24595.19921875,24596.599609375,24386.599609375,24401.0,0
1076,1076,2025-05-12 04:00:00+00:00,24591.69921875,24632.69921875,24583.400390625,24596.099609375,0
1077,1077,2025-05-12 04:15:00+00:00,24725.0,24737.19921875,24592.400390625,24592.849609375,0
1078,1078,2025-05-12 04:30:00+00:00,24682.650390625,24731.400390625,24668.400390625,24725.55078125,0
1079,1079,2025-05-12 04:45:00+00:00,24696.900390625,24723.55078125,24682.30078125,24682.30078125,0
1080,1080,2025-05-12 05:00:00+00:00,24699.75,24712.849609375,24673.30078125,24697.5,0
1081,1081,2025-05-12 05:15:00+00:00,24678.19921875,24700.55078125,24669.099609375,24699.94921875,0
1082,1082,2025-05-12 05:30:00+00:00,24702.849609375,24714.849609375,24679.30078125,24679.30078125,0
1083,1083,2025-05-12 05:45:00+00:00,24733.30078125,24745.44921875,24698.55078125,24703.19921875,0
1084,1084,2025-05-12 06:00:00+00:00,24728.19921875,24744.599609375,24715.75,24733.30078125,0
1085,1085,2025-05-12 06:15:00+00:00,24716.849609375,24731.19921875,24713.19921875,24728.19921875,0
1086,1086,2025-05-12 06:30:00+00:00,24721.30078125,24728.44921875,24711.349609375,24717.30078125,0
1087,1087,2025-05-12 06:45:00+00:00,24702.44921875,24727.650390625,24690.349609375,24723.30078125,0
1088,1088,2025-05-12 07:00:00+00:00,24790.0,24806.150390625,24702.349609375,24702.349609375,0
1089,1089,2025-05-12 07:15:00+00:00,24800.900390625,24802.94921875,24772.349609375,24789.900390625,0
1090,1090,2025-05-12 07:30:00+00:00,24789.150390625,24806.55078125,24779.94921875,24801.44921875,0
1091,1091,2025-05-12 07:45:00+00:00,24821.5,24823.69921875,24789.0,24789.150390625,0
1092,1092,2025-05-12 08:00:00+00:00,24843.94921875,24849.94921875,24818.19921875,24821.650390625,0
1093,1093,2025-05-12 08:15:00+00:00,24843.94921875,24853.05078125,24830.099609375,24845.19921875,0
1094,1094,2025-05-12 08:30:00+00:00,24866.19921875,24866.30078125,24836.0,24844.80078125,0
1095,1095,2025-05-12 08:45:00+00:00,24898.0,24901.94921875,24866.25,24866.25,0
1096,1096,2025-05-12 09:00:00+00:00,24862.349609375,24906.69921875,24854.75,24897.099609375,0
1097,1097,2025-05-12 09:15:00+00:00,24921.599609375,24926.099609375,24858.19921875,24862.19921875,0
1098,1098,2025-05-12 09:30:00+00:00,24907.44921875,24930.349609375,24898.349609375,24920.849609375,0
1099,1099,2025-05-12 09:45:00+00:00,24920.25,24944.19921875,24904.75,24906.05078125,0
1100,1100,2025-05-13 03:45:00+00:00,24768.599609375,24971.55078125,24754.599609375,24864.05078125,0
1101,1101,2025-05-13 04:00:00+00:00,24746.69921875,24846.599609375,24676.849609375,24767.400390625,0
1102,1102,2025-05-13 04:15:00+00:00,24711.599609375,24756.650390625,24677.599609375,24745.19921875,0
1103,1103,2025-05-13 04:30:00+00:00,24771.94921875,24789.44921875,24681.150390625,24711.94921875,0
1104,1104,2025-05-13 04:45:00+00:00,24660.55078125,24797.599609375,24660.55078125,24770.849609375,0
1105,1105,2025-05-13 05:00:00+00:00,24700.30078125,24709.150390625,24636.55078125,24658.19921875,0
1106,1106,2025-05-13 05:15:00+00:00,24759.05078125,24761.650390625,24683.099609375,24700.80078125,0
1107,1107,2025-05-13 05:30:00+00:00,24724.55078125,24837.80078125,24700.349609375,24759.5,0
1108,1108,2025-05-13 05:45:00+00:00,24798.0,24810.44921875,24723.25,24724.55078125,0
1109,1109,2025-05-13 06:00:00+00:00,24740.69921875,24817.900390625,24738.25,24797.150390625,0
1110,1110,2025-05-13 06:15:00+00:00,24724.400390625,24764.05078125,24709.19921875,24740.900390625,0
1111,1111,2025-05-13 06:30:00+00:00,24757.599609375,24771.44921875,24693.900390625,24722.30078125,0
1112,1112,2025-05-13 06:45:00+00:00,24712.650390625,24772.0,24697.400390625,24755.44921875,0
1113,1113,2025-05-13 07:00:00+00:00,24645.0,24726.349609375,24640.19921875,24712.75,0
1114,1114,2025-05-13 07:15:00+00:00,24605.400390625,24665.25,24597.900390625,24644.05078125,0
1115,1115,2025-05-13 07:30:00+00:00,24633.150390625,24648.900390625,24602.25,24604.599609375,0
1116,1116,2025-05-13 07:45:00+00:00,24592.30078125,24637.0,24590.55078125,24630.80078125,0
1117,1117,2025-05-13 08:00:00+00:00,24614.150390625,24615.900390625,24589.099609375,24592.099609375,0
1118,1118,2025-05-13 08:15:00+00:00,24586.05078125,24617.849609375,24583.19921875,24614.5,0
1119,1119,2025-05-13 08:30:00+00:00,24591.55078125,24609.400390625,24577.75,24585.75,0
1120,1120,2025-05-13 08:45:00+00:00,24586.849609375,24606.30078125,24561.30078125,24590.44921875,0
1121,1121,2025-05-13 09:00:00+00:00,24601.900390625,24617.5,24575.55078125,24586.599609375,0
1122,1122,2025-05-13 09:15:00+00:00,24614.80078125,24636.849609375,24591.30078125,24601.150390625,0
1123,1123,2025-05-13 09:30:00+00:00,24559.44921875,24621.19921875,24559.44921875,24615.55078125,0
1124,1124,2025-05-13 09:45:00+00:00,24592.25,24594.30078125,24548.05078125,24560.0,0
1125,1125,2025-05-14 03:45:00+00:00,24718.099609375,24737.0,24587.30078125,24618.75,0
1126,1126,2025-05-14 04:00:00+00:00,24742.80078125,24745.5,24657.599609375,24717.900390625,0
1127,1127,2025-05-14 04:15:00+00:00,24727.400390625,24751.349609375,24690.80078125,24742.849609375,0
1128,1128,2025-05-14 04:30:00+00:00,24758.150390625,24758.25,24718.75,24727.19921875,0
1129,1129,2025-05-14 04:45:00+00:00,24744.650390625,24767.19921875,24738.75,24757.400390625,0
1130,1130,2025-05-14 05:00:00+00:00,24733.80078125,24747.150390625,24711.25,24744.849609375,0
1131,1131,2025-05-14 05:15:00+00:00,24684.599609375,24740.099609375,24683.44921875,24734.0,0
1132,1132,2025-05-14 05:30:00+00:00,24700.94921875,24709.599609375,24684.349609375,24684.650390625,0
1133,1133,2025-05-14 05:45:00+00:00,24718.0,24724.900390625,24693.44921875,24699.650390625,0
1134,1134,2025-05-14 06:00:00+00:00,24686.25,24721.80078125,24681.099609375,24718.0,0
1135,1135,2025-05-14 06:15:00+00:00,24662.150390625,24686.55078125,24633.05078125,24686.55078125,0
1136,1136,2025-05-14 06:30:00+00:00,24677.099609375,24679.55078125,24654.75,24662.0,0
1137,1137,2025-05-14 06:45:00+00:00,24662.25,24679.650390625,24660.349609375,24677.25,0
1138,1138,2025-05-14 07:00:00+00:00,24629.69921875,24664.75,24609.349609375,24663.30078125,0
1139,1139,2025-05-14 07:15:00+00:00,24581.69921875,24635.80078125,24535.900390625,24629.900390625,0
1140,1140,2025-05-14 07:30:00+00:00,24636.05078125,24643.0,24578.900390625,24581.650390625,0
1141,1141,2025-05-14 07:45:00+00:00,24644.94921875,24660.94921875,24604.349609375,24636.44921875,0
1142,1142,2025-05-14 08:00:00+00:00,24628.5,24648.0,24625.349609375,24644.55078125,0
1143,1143,2025-05-14 08:15:00+00:00,24621.80078125,24638.19921875,24614.69921875,24628.55078125,0
1144,1144,2025-05-14 08:30:00+00:00,24615.0,24620.0,24596.75,24618.900390625,0
1145,1145,2025-05-14 08:45:00+00:00,24611.19921875,24633.0,24605.650390625,24614.55078125,0
1146,1146,2025-05-14 09:00:00+00:00,24625.55078125,24665.650390625,24577.69921875,24609.80078125,0
1147,1147,2025-05-14 09:15:00+00:00,24633.25,24642.05078125,24618.400390625,24624.94921875,0
1148,1148,2025-05-14 09:30:00+00:00,24669.55078125,24675.19921875,24632.25,24633.30078125,0
1149,1149,2025-05-14 09:45:00+00:00,24685.75,24696.75,24651.30078125,24669.94921875,0
1150,1150,2025-05-15 03:45:00+00:00,24611.849609375,24699.55078125,24586.55078125,24699.55078125,0
1151,1151,2025-05-15 04:00:00+00:00,24546.900390625,24626.150390625,24538.55078125,24611.30078125,0
1152,1152,2025-05-15 04:15:00+00:00,24560.75,24585.55078125,24494.94921875,24545.30078125,0
1153,1153,2025-05-15 04:30:00+00:00,24561.69921875,24571.05078125,24511.5,24560.69921875,0
1154,1154,2025-05-15 04:45:00+00:00,24564.94921875,24586.80078125,24533.19921875,24562.19921875,0
1155,1155,2025-05-15 05:00:00+00:00,24745.900390625,24806.44921875,24564.5,24564.5,0
1156,1156,2025-05-15 05:15:00+00:00,24780.30078125,24790.150390625,24693.94921875,24745.349609375,0
1157,1157,2025-05-15 05:30:00+00:00,24617.25,24783.94921875,24600.599609375,24782.80078125,0
1158,1158,2025-05-15 05:45:00+00:00,24643.80078125,24683.19921875,24603.75,24617.25,0
1159,1159,2025-05-15 06:00:00+00:00,24635.849609375,24647.30078125,24601.150390625,24640.30078125,0
1160,1160,2025-05-15 06:15:00+00:00,24628.900390625,24659.94921875,24614.05078125,24636.150390625,0
1161,1161,2025-05-15 06:30:00+00:00,24661.05078125,24707.900390625,24616.44921875,24629.400390625,0
1162,1162,2025-05-15 06:45:00+00:00,24635.55078125,24740.05078125,24629.900390625,24662.05078125,0
1163,1163,2025-05-15 07:00:00+00:00,24643.55078125,24699.80078125,24626.30078125,24635.94921875,0
1164,1164,2025-05-15 07:15:00+00:00,24683.94921875,24692.19921875,24636.150390625,24643.30078125,0
1165,1165,2025-05-15 07:30:00+00:00,24886.30078125,24887.55078125,24683.55078125,24683.55078125,0
1166,1166,2025-05-15 07:45:00+00:00,24903.599609375,24917.80078125,24848.80078125,24887.150390625,0
1167,1167,2025-05-15 08:00:00+00:00,24986.25,25002.05078125,24905.25,24905.25,0
1168,1168,2025-05-15 08:15:00+00:00,25076.650390625,25088.44921875,24987.25,24987.349609375,0
1169,1169,2025-05-15 08:30:00+00:00,25091.0,25104.5,25037.05078125,25074.599609375,0
1170,1170,2025-05-15 08:45:00+00:00,25105.44921875,25114.80078125,25070.5,25091.5,0
1171,1171,2025-05-15 09:00:00+00:00,25087.44921875,25108.150390625,25044.349609375,25104.849609375,0
1172,1172,2025-05-15 09:15:00+00:00,25064.400390625,25089.150390625,25040.0,25089.150390625,0
1173,1173,2025-05-15 09:30:00+00:00,25056.400390625,25083.69921875,25048.599609375,25065.0,0
1174,1174,2025-05-15 09:45:00+00:00,25035.30078125,25063.44921875,25035.30078125,25055.19921875,0
1175,1175,2025-05-16 03:45:00+00:00,25033.599609375,25061.80078125,24984.650390625,25061.80078125,0
1176,1176,2025-05-16 04:00:00+00:00,25017.099609375,25069.55078125,24983.150390625,25033.25,0
1177,1177,2025-05-16 04:15:00+00:00,24992.150390625,25030.69921875,24976.25,25017.25,0
1178,1178,2025-05-16 04:30:00+00:00,25005.150390625,25028.900390625,24989.25,24991.55078125,0
1179,1179,2025-05-16 04:45:00+00:00,25007.44921875,25040.849609375,24987.599609375,25005.650390625,0
1180,1180,2025-05-16 05:00:00+00:00,24996.599609375,25014.30078125,24983.69921875,25006.900390625,0
1181,1181,2025-05-16 05:15:00+00:00,25000.900390625,25004.599609375,24991.099609375,24996.75,0
1182,1182,2025-05-16 05:30:00+00:00,24975.44921875,25001.44921875,24953.150390625,25001.44921875,0
1183,1183,2025-05-16 05:45:00+00:00,24961.900390625,24985.30078125,24958.69921875,24975.150390625,0
1184,1184,2025-05-16 06:00:00+00:00,24981.30078125,24997.900390625,24960.25,24961.849609375,0
1185,1185,2025-05-16 06:15:00+00:00,24973.55078125,24992.0,24971.400390625,24981.150390625,0
1186,1186,2025-05-16 06:30:00+00:00,24976.05078125,24991.55078125,24972.80078125,24973.69921875,0
1187,1187,2025-05-16 06:45:00+00:00,24988.55078125,24988.599609375,24968.80078125,24974.650390625,0
1188,1188,2025-05-16 07:00:00+00:00,25001.55078125,25004.599609375,24982.25,24988.25,0
1189,1189,2025-05-16 07:15:00+00:00,24988.94921875,25018.5,24988.650390625,25001.5,0
1190,1190,2025-05-16 07:30:00+00:00,25006.80078125,25008.599609375,24986.849609375,24988.900390625,0
1191,1191,2025-05-16 07:45:00+00:00,25029.75,25034.80078125,25004.099609375,25006.75,0
1192,1192,2025-05-16 08:00:00+00:00,25001.25,25031.900390625,24997.25,25029.900390625,0
1193,1193,2025-05-16 08:15:00+00:00,25014.19921875,25020.30078125,24994.44921875,24999.900390625,0
1194,1194,2025-05-16 08:30:00+00:00,25019.94921875,25032.94921875,25010.25,25014.55078125,0
1195,1195,2025-05-16 08:45:00+00:00,25003.099609375,25025.05078125,24999.69921875,25019.599609375,0
1196,1196,2025-05-16 09:00:00+00:00,25014.94921875,25019.80078125,24992.349609375,25002.69921875,0
1197,1197,2025-05-16 09:15:00+00:00,25011.900390625,25019.44921875,25005.30078125,25014.400390625,0
1198,1198,2025-05-16 09:30:00+00:00,25024.19921875,25034.5,25011.650390625,25012.30078125,0
1199,1199,2025-05-16 09:45:00+00:00,25013.099609375,25025.599609375,25002.69921875,25025.44921875,0
1200,1200,2025-05-19 03:45:00+00:00,25014.44921875,25047.900390625,24967.94921875,25005.349609375,0
1201,1201,2025-05-19 04:00:00+00:00,25009.25,25056.55078125,24978.0,25014.150390625,0
1202,1202,2025-05-19 04:15:00+00:00,25013.099609375,25029.30078125,24994.55078125,25008.75,0
1203,1203,2025-05-19 04:30:00+00:00,25040.849609375,25049.400390625,25002.05078125,25013.650390625,0
1204,1204,2025-05-19 04:45:00+00:00,25024.099609375,25062.94921875,25015.650390625,25040.19921875,0
1205,1205,2025-05-19 05:00:00+00:00,25003.349609375,25035.650390625,25001.94921875,25024.099609375,0
1206,1206,2025-05-19 05:15:00+00:00,25034.80078125,25040.599609375,24999.44921875,25003.75,0
1207,1207,2025-05-19 05:30:00+00:00,25027.05078125,25045.849609375,25022.30078125,25034.900390625,0
1208,1208,2025-05-19 05:45:00+00:00,25026.05078125,25043.099609375,25023.0,25026.55078125,0
1209,1209,2025-05-19 06:00:00+00:00,25008.80078125,25030.349609375,25006.94921875,25026.150390625,0
1210,1210,2025-05-19 06:15:00+00:00,25001.75,25025.099609375,24998.94921875,25008.099609375,0
1211,1211,2025-05-19 06:30:00+00:00,24987.5,25003.75,24979.099609375,25001.599609375,0
1212,1212,2025-05-19 06:45:00+00:00,25010.55078125,25017.5,24972.25,24987.400390625,0
1213,1213,2025-05-19 07:00:00+00:00,25003.400390625,25014.44921875,24999.94921875,25009.849609375,0
1214,1214,2025-05-19 07:15:00+00:00,25012.099609375,25018.599609375,24997.849609375,25003.19921875,0
1215,1215,2025-05-19 07:30:00+00:00,24980.55078125,25016.099609375,24975.94921875,25011.25,0
1216,1216,2025-05-19 07:45:00+00:00,24996.44921875,25006.099609375,24974.69921875,24980.44921875,0
1217,1217,2025-05-19 08:00:00+00:00,24981.5,25004.0,24978.25,24996.0,0
1218,1218,2025-05-19 08:15:00+00:00,24975.0,24985.44921875,24970.44921875,24982.599609375,0
1219,1219,2025-05-19 08:30:00+00:00,24940.349609375,24977.900390625,24919.30078125,24974.44921875,0
1220,1220,2025-05-19 08:45:00+00:00,24938.849609375,24960.55078125,24935.099609375,24940.19921875,0
1221,1221,2025-05-19 09:00:00+00:00,24940.19921875,24949.650390625,24932.55078125,24938.5,0
1222,1222,2025-05-19 09:15:00+00:00,24926.44921875,24942.80078125,24916.650390625,24941.30078125,0
1223,1223,2025-05-19 09:30:00+00:00,24945.650390625,24958.5,24926.19921875,24926.94921875,0
1224,1224,2025-05-19 09:45:00+00:00,24935.349609375,24951.650390625,24927.44921875,24945.349609375,0
1225,1225,2025-05-20 03:45:00+00:00,24935.650390625,25007.650390625,24934.44921875,25000.94921875,0
1226,1226,2025-05-20 04:00:00+00:00,24915.75,24961.69921875,24914.0,24935.400390625,0
1227,1227,2025-05-20 04:15:00+00:00,24894.05078125,24916.150390625,24864.05078125,24916.150390625,0
1228,1228,2025-05-20 04:30:00+00:00,24899.400390625,24909.849609375,24874.30078125,24893.650390625,0
1229,1229,2025-05-20 04:45:00+00:00,24889.099609375,24902.599609375,24879.0,24899.5,0
1230,1230,2025-05-20 05:00:00+00:00,24927.0,24935.150390625,24887.400390625,24888.55078125,0
1231,1231,2025-05-20 05:15:00+00:00,24930.849609375,24967.25,24917.150390625,24927.25,0
1232,1232,2025-05-20 05:30:00+00:00,24920.75,24946.55078125,24905.94921875,24932.0,0
1233,1233,2025-05-20 05:45:00+00:00,24890.55078125,24921.05078125,24888.599609375,24921.05078125,0
1234,1234,2025-05-20 06:00:00+00:00,24870.30078125,24901.150390625,24865.05078125,24890.80078125,0
1235,1235,2025-05-20 06:15:00+00:00,24862.5,24881.75,24844.80078125,24870.30078125,0
1236,1236,2025-05-20 06:30:00+00:00,24859.19921875,24887.900390625,24856.349609375,24862.599609375,0
1237,1237,2025-05-20 06:45:00+00:00,24862.349609375,24867.75,24852.05078125,24862.0,0
1238,1238,2025-05-20 07:00:00+00:00,24859.599609375,24876.19921875,24849.900390625,24862.650390625,0
1239,1239,2025-05-20 07:15:00+00:00,24792.5,24865.05078125,24781.400390625,24860.650390625,0
1240,1240,2025-05-20 07:30:00+00:00,24790.69921875,24814.650390625,24784.05078125,24792.25,0
1241,1241,2025-05-20 07:45:00+00:00,24781.0,24793.25,24765.849609375,24790.44921875,0
1242,1242,2025-05-20 08:00:00+00:00,24762.19921875,24795.099609375,24750.900390625,24781.05078125,0
1243,1243,2025-05-20 08:15:00+00:00,24767.94921875,24784.55078125,24753.849609375,24761.80078125,0
1244,1244,2025-05-20 08:30:00+00:00,24738.349609375,24770.25,24728.349609375,24767.5,0
1245,1245,2025-05-20 08:45:00+00:00,24704.099609375,24745.599609375,24701.150390625,24737.099609375,0
1246,1246,2025-05-20 09:00:00+00:00,24681.900390625,24710.94921875,24677.30078125,24704.0,0
1247,1247,2025-05-20 09:15:00+00:00,24677.30078125,24707.05078125,24677.0,24681.650390625,0
1248,1248,2025-05-20 09:30:00+00:00,24693.099609375,24703.55078125,24670.0,24677.25,0
1249,1249,2025-05-20 09:45:00+00:00,24713.849609375,24713.849609375,24672.05078125,24692.849609375,0
1250,1250,2025-05-21 03:45:00+00:00,24738.099609375,24765.0,24692.650390625,24744.25,0
1251,1251,2025-05-21 04:00:00+00:00,24796.599609375,24816.69921875,24722.5,24738.30078125,0
1252,1252,2025-05-21 04:15:00+00:00,24815.30078125,24844.0,24794.30078125,24796.650390625,0
1253,1253,2025-05-21 04:30:00+00:00,24869.25,24869.650390625,24811.25,24815.900390625,0
1254,1254,2025-05-21 04:45:00+00:00,24893.5,24914.150390625,24869.19921875,24869.19921875,0
1255,1255,2025-05-21 05:00:00+00:00,24916.400390625,24945.400390625,24892.849609375,24893.650390625,0
1256,1256,2025-05-21 05:15:00+00:00,24914.099609375,24936.05078125,24905.94921875,24916.099609375,0
1257,1257,2025-05-21 05:30:00+00:00,24896.69921875,24921.44921875,24858.05078125,24914.80078125,0
1258,1258,2025-05-21 05:45:00+00:00,24871.400390625,24914.400390625,24865.80078125,24896.94921875,0
1259,1259,2025-05-21 06:00:00+00:00,24853.349609375,24878.849609375,24833.599609375,24871.0,0
1260,1260,2025-05-21 06:15:00+00:00,24829.25,24854.849609375,24812.400390625,24853.05078125,0
1261,1261,2025-05-21 06:30:00+00:00,24733.650390625,24829.349609375,24727.099609375,24827.849609375,0
1262,1262,2025-05-21 06:45:00+00:00,24742.5,24767.400390625,24685.94921875,24733.44921875,0
1263,1263,2025-05-21 07:00:00+00:00,24780.400390625,24808.5,24742.5,24743.05078125,0
1264,1264,2025-05-21 07:15:00+00:00,24775.44921875,24785.55078125,24736.30078125,24780.30078125,0
1265,1265,2025-05-21 07:30:00+00:00,24799.69921875,24804.150390625,24767.349609375,24776.599609375,0
1266,1266,2025-05-21 07:45:00+00:00,24775.44921875,24839.349609375,24775.44921875,24800.05078125,0
1267,1267,2025-05-21 08:00:00+00:00,24761.94921875,24815.150390625,24758.5,24775.099609375,0
1268,1268,2025-05-21 08:15:00+00:00,24776.900390625,24793.80078125,24761.150390625,24762.80078125,0
1269,1269,2025-05-21 08:30:00+00:00,24798.69921875,24798.849609375,24740.80078125,24777.30078125,0
1270,1270,2025-05-21 08:45:00+00:00,24807.900390625,24819.349609375,24789.349609375,24799.19921875,0
1271,1271,2025-05-21 09:00:00+00:00,24786.150390625,24819.599609375,24780.650390625,24808.75,0
1272,1272,2025-05-21 09:15:00+00:00,24807.19921875,24813.900390625,24785.55078125,24785.55078125,0
1273,1273,2025-05-21 09:30:00+00:00,24809.69921875,24829.849609375,24803.650390625,24807.0,0
1274,1274,2025-05-21 09:45:00+00:00,24800.400390625,24819.94921875,24794.849609375,24809.400390625,0
1275,1275,2025-05-22 03:45:00+00:00,24590.5,24732.349609375,24574.80078125,24732.349609375,0
1276,1276,2025-05-22 04:00:00+00:00,24589.94921875,24616.05078125,24542.099609375,24591.44921875,0
1277,1277,2025-05-22 04:15:00+00:00,24629.650390625,24629.650390625,24556.650390625,24590.5,0
1278,1278,2025-05-22 04:30:00+00:00,24606.05078125,24631.69921875,24580.19921875,24631.650390625,0
1279,1279,2025-05-22 04:45:00+00:00,24580.25,24622.80078125,24571.150390625,24606.44921875,0
1280,1280,2025-05-22 05:00:00+00:00,24605.55078125,24628.599609375,24576.599609375,24580.75,0
1281,1281,2025-05-22 05:15:00+00:00,24605.150390625,24613.05078125,24593.30078125,24606.80078125,0
1282,1282,2025-05-22 05:30:00+00:00,24594.599609375,24610.25,24588.150390625,24605.900390625,0
1283,1283,2025-05-22 05:45:00+00:00,24595.5,24604.30078125,24579.19921875,24594.650390625,0
1284,1284,2025-05-22 06:00:00+00:00,24560.650390625,24598.650390625,24543.05078125,24595.650390625,0
1285,1285,2025-05-22 06:15:00+00:00,24589.75,24607.5,24557.599609375,24558.900390625,0
1286,1286,2025-05-22 06:30:00+00:00,24572.80078125,24599.0,24569.55078125,24589.80078125,0
1287,1287,2025-05-22 06:45:00+00:00,24552.69921875,24574.650390625,24548.900390625,24572.75,0
1288,1288,2025-05-22 07:00:00+00:00,24558.69921875,24571.900390625,24551.5,24553.69921875,0
1289,1289,2025-05-22 07:15:00+00:00,24523.849609375,24559.0,24509.349609375,24558.650390625,0
1290,1290,2025-05-22 07:30:00+00:00,24539.650390625,24543.0,24511.94921875,24523.69921875,0
1291,1291,2025-05-22 07:45:00+00:00,24551.650390625,24554.44921875,24531.30078125,24540.44921875,0
1292,1292,2025-05-22 08:00:00+00:00,24524.19921875,24556.599609375,24518.19921875,24553.650390625,0
1293,1293,2025-05-22 08:15:00+00:00,24525.349609375,24534.849609375,24515.05078125,24524.650390625,0
1294,1294,2025-05-22 08:30:00+00:00,24529.80078125,24539.55078125,24518.55078125,24525.349609375,0
1295,1295,2025-05-22 08:45:00+00:00,24492.349609375,24530.25,24475.599609375,24529.30078125,0
1296,1296,2025-05-22 09:00:00+00:00,24557.55078125,24569.900390625,24464.150390625,24492.25,0
1297,1297,2025-05-22 09:15:00+00:00,24616.80078125,24639.849609375,24512.69921875,24557.80078125,0
1298,1298,2025-05-22 09:30:00+00:00,24606.25,24619.349609375,24594.0,24616.30078125,0
1299,1299,2025-05-22 09:45:00+00:00,24637.0,24647.150390625,24597.5,24606.349609375,0
1300,1300,2025-05-23 03:45:00+00:00,24713.80078125,24732.69921875,24614.650390625,24643.849609375,0
1301,1301,2025-05-23 04:00:00+00:00,24781.400390625,24784.55078125,24696.099609375,24714.0,0
1302,1302,2025-05-23 04:15:00+00:00,24796.0,24806.400390625,24763.25,24780.94921875,0
1303,1303,2025-05-23 04:30:00+00:00,24818.099609375,24826.349609375,24785.150390625,24795.44921875,0
1304,1304,2025-05-23 04:45:00+00:00,24774.69921875,24820.55078125,24768.05078125,24817.44921875,0
1305,1305,2025-05-23 05:00:00+00:00,24813.69921875,24814.349609375,24748.55078125,24774.599609375,0
1306,1306,2025-05-23 05:15:00+00:00,24889.599609375,24908.849609375,24807.900390625,24814.099609375,0
1307,1307,2025-05-23 05:30:00+00:00,24890.099609375,24902.349609375,24874.849609375,24892.30078125,0
1308,1308,2025-05-23 05:45:00+00:00,24882.0,24894.400390625,24854.150390625,24890.80078125,0
1309,1309,2025-05-23 06:00:00+00:00,24868.599609375,24903.400390625,24861.80078125,24884.150390625,0
1310,1310,2025-05-23 06:15:00+00:00,24837.44921875,24872.900390625,24804.30078125,24871.30078125,0
1311,1311,2025-05-23 06:30:00+00:00,24834.75,24851.849609375,24819.80078125,24836.94921875,0
1312,1312,2025-05-23 06:45:00+00:00,24869.5,24873.900390625,24828.849609375,24834.69921875,0
1313,1313,2025-05-23 07:00:00+00:00,24869.80078125,24901.349609375,24865.44921875,24870.69921875,0
1314,1314,2025-05-23 07:15:00+00:00,24880.900390625,24898.19921875,24870.0,24870.0,0
1315,1315,2025-05-23 07:30:00+00:00,24877.44921875,24902.0,24874.650390625,24881.900390625,0
1316,1316,2025-05-23 07:45:00+00:00,24884.150390625,24898.400390625,24873.75,24876.69921875,0
1317,1317,2025-05-23 08:00:00+00:00,24851.0,24892.05078125,24841.69921875,24884.599609375,0
1318,1318,2025-05-23 08:15:00+00:00,24875.900390625,24883.19921875,24838.05078125,24850.349609375,0
1319,1319,2025-05-23 08:30:00+00:00,24869.099609375,24894.05078125,24863.599609375,24876.150390625,0
1320,1320,2025-05-23 08:45:00+00:00,24872.650390625,24884.150390625,24857.099609375,24868.849609375,0
1321,1321,2025-05-23 09:00:00+00:00,24835.650390625,24873.900390625,24833.75,24872.69921875,0
1322,1322,2025-05-23 09:15:00+00:00,24836.25,24852.5,24819.30078125,24834.75,0
1323,1323,2025-05-23 09:30:00+00:00,24850.75,24864.0,24836.349609375,24836.349609375,0
1324,1324,2025-05-23 09:45:00+00:00,24845.150390625,24862.099609375,24842.900390625,24850.5,0
1325,1325,2025-05-26 03:45:00+00:00,25040.5,25048.55078125,24908.5,24919.5,0
1326,1326,2025-05-26 04:00:00+00:00,25043.55078125,25054.80078125,25024.349609375,25040.05078125,0
1327,1327,2025-05-26 04:15:00+00:00,25061.94921875,25079.05078125,25041.25,25041.25,0
1328,1328,2025-05-26 04:30:00+00:00,25044.150390625,25065.900390625,25035.150390625,25062.5,0
1329,1329,2025-05-26 04:45:00+00:00,24975.19921875,25048.25,24938.650390625,25043.900390625,0
1330,1330,2025-05-26 05:00:00+00:00,24969.400390625,24976.75,24910.5,24974.650390625,0
1331,1331,2025-05-26 05:15:00+00:00,24980.30078125,24992.30078125,24950.94921875,24970.19921875,0
1332,1332,2025-05-26 05:30:00+00:00,24972.75,24983.400390625,24960.0,24980.400390625,0
1333,1333,2025-05-26 05:45:00+00:00,24974.5,25024.400390625,24961.650390625,24972.75,0
1334,1334,2025-05-26 06:00:00+00:00,24973.69921875,24980.44921875,24954.099609375,24974.349609375,0
1335,1335,2025-05-26 06:15:00+00:00,24999.05078125,25011.349609375,24972.400390625,24973.650390625,0
1336,1336,2025-05-26 06:30:00+00:00,24989.80078125,25007.849609375,24980.44921875,25000.0,0
1337,1337,2025-05-26 06:45:00+00:00,25007.400390625,25013.80078125,24972.0,24987.80078125,0
1338,1338,2025-05-26 07:00:00+00:00,24968.400390625,25010.30078125,24968.400390625,25006.19921875,0
1339,1339,2025-05-26 07:15:00+00:00,24967.349609375,24977.05078125,24939.44921875,24967.349609375,0
1340,1340,2025-05-26 07:30:00+00:00,24981.900390625,24992.099609375,24965.94921875,24966.75,0
1341,1341,2025-05-26 07:45:00+00:00,24973.05078125,24986.849609375,24968.0,24980.599609375,0
1342,1342,2025-05-26 08:00:00+00:00,25001.19921875,25009.19921875,24967.849609375,24971.69921875,0
1343,1343,2025-05-26 08:15:00+00:00,24989.150390625,25013.349609375,24989.150390625,25000.69921875,0
1344,1344,2025-05-26 08:30:00+00:00,25001.0,25004.099609375,24976.75,24989.650390625,0
1345,1345,2025-05-26 08:45:00+00:00,24985.099609375,25001.150390625,24969.25,24999.599609375,0
1346,1346,2025-05-26 09:00:00+00:00,24993.94921875,25004.849609375,24979.80078125,24984.05078125,0
1347,1347,2025-05-26 09:15:00+00:00,25004.599609375,25013.44921875,24983.150390625,24993.30078125,0
1348,1348,2025-05-26 09:30:00+00:00,25004.44921875,25019.650390625,24998.75,25004.44921875,0
1349,1349,2025-05-26 09:45:00+00:00,24996.349609375,25006.80078125,24992.599609375,25002.900390625,0
1350,1350,2025-05-27 03:45:00+00:00,24790.44921875,24969.55078125,24771.0,24957.75,0
1351,1351,2025-05-27 04:00:00+00:00,24825.69921875,24841.650390625,24766.349609375,24791.900390625,0
1352,1352,2025-05-27 04:15:00+00:00,24760.400390625,24827.349609375,24751.400390625,24826.05078125,0
1353,1353,2025-05-27 04:30:00+00:00,24777.099609375,24791.44921875,24737.75,24760.69921875,0
1354,1354,2025-05-27 04:45:00+00:00,24755.69921875,24779.75,24752.44921875,24776.900390625,0
1355,1355,2025-05-27 05:00:00+00:00,24761.30078125,24798.849609375,24751.349609375,24756.30078125,0
1356,1356,2025-05-27 05:15:00+00:00,24779.69921875,24803.25,24754.25,24762.55078125,0
1357,1357,2025-05-27 05:30:00+00:00,24877.650390625,24960.19921875,24772.599609375,24779.69921875,0
1358,1358,2025-05-27 05:45:00+00:00,25012.55078125,25012.55078125,24880.650390625,24880.650390625,0
1359,1359,2025-05-27 06:00:00+00:00,24968.94921875,25062.400390625,24925.400390625,25013.30078125,0
1360,1360,2025-05-27 06:15:00+00:00,24948.05078125,24977.05078125,24908.0,24968.150390625,0
1361,1361,2025-05-27 06:30:00+00:00,24957.44921875,24971.099609375,24926.599609375,24948.150390625,0
1362,1362,2025-05-27 06:45:00+00:00,24856.30078125,24962.75,24835.150390625,24957.400390625,0
1363,1363,2025-05-27 07:00:00+00:00,24860.400390625,24888.69921875,24819.94921875,24854.05078125,0
1364,1364,2025-05-27 07:15:00+00:00,24824.25,24881.30078125,24820.55078125,24857.349609375,0
1365,1365,2025-05-27 07:30:00+00:00,24829.849609375,24837.099609375,24800.80078125,24824.150390625,0
1366,1366,2025-05-27 07:45:00+00:00,24824.849609375,24848.25,24804.19921875,24830.0,0
1367,1367,2025-05-27 08:00:00+00:00,24847.400390625,24849.30078125,24813.94921875,24824.75,0
1368,1368,2025-05-27 08:15:00+00:00,24764.349609375,24871.849609375,24761.69921875,24847.5,0
1369,1369,2025-05-27 08:30:00+00:00,24767.599609375,24787.44921875,24744.55078125,24761.599609375,0
1370,1370,2025-05-27 08:45:00+00:00,24731.349609375,24779.94921875,24706.05078125,24768.25,0
1371,1371,2025-05-27 09:00:00+00:00,24780.650390625,24784.94921875,24727.44921875,24731.400390625,0
1372,1372,2025-05-27 09:15:00+00:00,24817.69921875,24817.69921875,24767.099609375,24781.25,0
1373,1373,2025-05-27 09:30:00+00:00,24831.80078125,24842.69921875,24816.650390625,24818.05078125,0
1374,1374,2025-05-27 09:45:00+00:00,24837.69921875,24843.30078125,24816.55078125,24832.599609375,0
1375,1375,2025-05-28 03:45:00+00:00,24769.150390625,24863.150390625,24765.19921875,24844.400390625,0
1376,1376,2025-05-28 04:00:00+00:00,24807.25,24807.25,24743.349609375,24768.900390625,0
1377,1377,2025-05-28 04:15:00+00:00,24782.150390625,24814.80078125,24752.94921875,24806.30078125,0
1378,1378,2025-05-28 04:30:00+00:00,24760.5,24784.650390625,24755.80078125,24783.400390625,0
1379,1379,2025-05-28 04:45:00+00:00,24750.5,24772.5,24737.25,24760.0,0
1380,1380,2025-05-28 05:00:00+00:00,24752.69921875,24767.5,24743.849609375,24750.25,0
1381,1381,2025-05-28 05:15:00+00:00,24781.650390625,24799.05078125,24751.650390625,24752.099609375,0
1382,1382,2025-05-28 05:30:00+00:00,24768.05078125,24801.900390625,24758.44921875,24781.5,0
1383,1383,2025-05-28 05:45:00+00:00,24758.69921875,24783.849609375,24753.75,24767.75,0
1384,1384,2025-05-28 06:00:00+00:00,24756.349609375,24763.55078125,24746.349609375,24759.599609375,0
1385,1385,2025-05-28 06:15:00+00:00,24770.900390625,24780.69921875,24752.25,24756.349609375,0
1386,1386,2025-05-28 06:30:00+00:00,24761.69921875,24771.44921875,24754.5,24770.849609375,0
1387,1387,2025-05-28 06:45:00+00:00,24776.44921875,24780.05078125,24759.05078125,24762.19921875,0
1388,1388,2025-05-28 07:00:00+00:00,24795.099609375,24799.150390625,24775.30078125,24776.099609375,0
1389,1389,2025-05-28 07:15:00+00:00,24805.25,24827.05078125,24789.30078125,24795.25,0
1390,1390,2025-05-28 07:30:00+00:00,24791.349609375,24823.30078125,24789.69921875,24804.400390625,0
1391,1391,2025-05-28 07:45:00+00:00,24789.44921875,24797.099609375,24774.05078125,24791.099609375,0
1392,1392,2025-05-28 08:00:00+00:00,24776.69921875,24796.849609375,24765.69921875,24790.150390625,0
1393,1393,2025-05-28 08:15:00+00:00,24773.30078125,24781.44921875,24761.099609375,24776.900390625,0
1394,1394,2025-05-28 08:30:00+00:00,24788.55078125,24795.19921875,24765.55078125,24773.099609375,0
1395,1395,2025-05-28 08:45:00+00:00,24771.69921875,24798.0,24770.44921875,24788.349609375,0
1396,1396,2025-05-28 09:00:00+00:00,24782.0,24792.94921875,24769.05078125,24770.69921875,0
1397,1397,2025-05-28 09:15:00+00:00,24774.05078125,24786.099609375,24772.44921875,24780.900390625,0
1398,1398,2025-05-28 09:30:00+00:00,24748.5,24780.5,24748.400390625,24775.599609375,0
1399,1399,2025-05-28 09:45:00+00:00,24757.150390625,24757.44921875,24740.05078125,24749.5,0
1400,1400,2025-05-29 03:45:00+00:00,24800.05078125,24888.30078125,24793.80078125,24845.19921875,0
1401,1401,2025-05-29 04:00:00+00:00,24808.75,24826.650390625,24780.30078125,24802.69921875,0
1402,1402,2025-05-29 04:15:00+00:00,24804.05078125,24810.25,24780.80078125,24808.900390625,0
1403,1403,2025-05-29 04:30:00+00:00,24801.75,24848.05078125,24793.55078125,24804.349609375,0
1404,1404,2025-05-29 04:45:00+00:00,24771.150390625,24806.150390625,24770.5,24802.44921875,0
1405,1405,2025-05-29 05:00:00+00:00,24743.19921875,24770.599609375,24741.5,24770.599609375,0
1406,1406,2025-05-29 05:15:00+00:00,24743.94921875,24768.05078125,24741.900390625,24742.94921875,0
1407,1407,2025-05-29 05:30:00+00:00,24723.55078125,24756.5,24714.650390625,24745.80078125,0
1408,1408,2025-05-29 05:45:00+00:00,24728.94921875,24735.75,24709.05078125,24722.19921875,0
1409,1409,2025-05-29 06:00:00+00:00,24732.599609375,24748.30078125,24721.19921875,24729.05078125,0
1410,1410,2025-05-29 06:15:00+00:00,24739.5,24744.55078125,24728.400390625,24732.19921875,0
1411,1411,2025-05-29 06:30:00+00:00,24732.05078125,24747.80078125,24730.55078125,24738.400390625,0
1412,1412,2025-05-29 06:45:00+00:00,24750.19921875,24757.69921875,24727.150390625,24732.0,0
1413,1413,2025-05-29 07:00:00+00:00,24700.55078125,24755.400390625,24677.599609375,24749.900390625,0
1414,1414,2025-05-29 07:15:00+00:00,24768.599609375,24772.30078125,24697.19921875,24700.25,0
1415,1415,2025-05-29 07:30:00+00:00,24760.75,24772.900390625,24741.30078125,24769.75,0
1416,1416,2025-05-29 07:45:00+00:00,24758.19921875,24765.900390625,24742.80078125,24760.349609375,0
1417,1417,2025-05-29 08:00:00+00:00,24754.75,24773.69921875,24748.44921875,24758.25,0
1418,1418,2025-05-29 08:15:00+00:00,24745.69921875,24760.44921875,24739.849609375,24754.099609375,0
1419,1419,2025-05-29 08:30:00+00:00,24725.599609375,24749.30078125,24717.80078125,24745.55078125,0
1420,1420,2025-05-29 08:45:00+00:00,24746.849609375,24760.75,24718.05078125,24725.599609375,0
1421,1421,2025-05-29 09:00:00+00:00,24756.30078125,24767.599609375,24743.849609375,24746.849609375,0
1422,1422,2025-05-29 09:15:00+00:00,24757.349609375,24760.849609375,24738.349609375,24755.94921875,0
1423,1423,2025-05-29 09:30:00+00:00,24850.75,24853.75,24758.099609375,24758.599609375,0
1424,1424,2025-05-29 09:45:00+00:00,24880.849609375,24891.150390625,24837.099609375,24850.44921875,0
1425,1425,2025-05-30 03:45:00+00:00,24848.0,24862.44921875,24780.69921875,24830.5,0
1426,1426,2025-05-30 04:00:00+00:00,24819.349609375,24863.599609375,24799.849609375,24848.05078125,0
1427,1427,2025-05-30 04:15:00+00:00,24807.55078125,24833.55078125,24788.30078125,24819.099609375,0
1428,1428,2025-05-30 04:30:00+00:00,24794.75,24808.80078125,24784.0,24806.849609375,0
1429,1429,2025-05-30 04:45:00+00:00,24761.5,24795.80078125,24746.55078125,24795.80078125,0
1430,1430,2025-05-30 05:00:00+00:00,24737.849609375,24761.900390625,24722.05078125,24761.900390625,0
1431,1431,2025-05-30 05:15:00+00:00,24751.69921875,24756.44921875,24717.849609375,24737.599609375,0
1432,1432,2025-05-30 05:30:00+00:00,24753.94921875,24772.30078125,24746.599609375,24751.25,0
1433,1433,2025-05-30 05:45:00+00:00,24774.150390625,24783.150390625,24753.19921875,24754.30078125,0
1434,1434,2025-05-30 06:00:00+00:00,24745.599609375,24787.94921875,24745.0,24774.80078125,0
1435,1435,2025-05-30 06:15:00+00:00,24751.900390625,24768.400390625,24737.75,24745.400390625,0
1436,1436,2025-05-30 06:30:00+00:00,24741.849609375,24749.0,24735.30078125,24748.25,0
1437,1437,2025-05-30 06:45:00+00:00,24750.25,24756.30078125,24729.349609375,24732.69921875,0
1438,1438,2025-05-30 07:00:00+00:00,24736.75,24751.44921875,24732.19921875,24749.849609375,0
1439,1439,2025-05-30 07:15:00+00:00,24755.30078125,24761.349609375,24737.05078125,24737.150390625,0
1440,1440,2025-05-30 07:30:00+00:00,24758.25,24768.900390625,24751.849609375,24756.05078125,0
1441,1441,2025-05-30 07:45:00+00:00,24769.69921875,24776.69921875,24750.75,24758.599609375,0
1442,1442,2025-05-30 08:00:00+00:00,24771.94921875,24783.19921875,24769.400390625,24770.150390625,0
1443,1443,2025-05-30 08:15:00+00:00,24789.400390625,24801.69921875,24762.400390625,24771.650390625,0
1444,1444,2025-05-30 08:30:00+00:00,24753.900390625,24796.25,24753.599609375,24788.94921875,0
1445,1445,2025-05-30 08:45:00+00:00,24771.349609375,24776.30078125,24751.099609375,24753.599609375,0
1446,1446,2025-05-30 09:00:00+00:00,24769.30078125,24786.80078125,24766.75,24770.400390625,0
1447,1447,2025-05-30 09:15:00+00:00,24765.30078125,24778.55078125,24757.69921875,24769.44921875,0
1448,1448,2025-05-30 09:30:00+00:00,24752.150390625,24784.099609375,24729.80078125,24764.400390625,0
1449,1449,2025-05-30 09:45:00+00:00,24736.650390625,24757.150390625,24731.099609375,24751.650390625,0
1450,1450,2025-06-02 03:45:00+00:00,24564.94921875,24700.5,24541.75,24669.69921875,0
1451,1451,2025-06-02 04:00:00+00:00,24571.0,24591.19921875,24526.150390625,24565.5,0
1452,1452,2025-06-02 04:15:00+00:00,24598.19921875,24601.099609375,24556.94921875,24571.599609375,0
1453,1453,2025-06-02 04:30:00+00:00,24581.94921875,24606.80078125,24572.75,24598.05078125,0
1454,1454,2025-06-02 04:45:00+00:00,24588.94921875,24591.400390625,24554.19921875,24581.75,0
1455,1455,2025-06-02 05:00:00+00:00,24629.349609375,24633.349609375,24582.25,24588.30078125,0
1456,1456,2025-06-02 05:15:00+00:00,24617.30078125,24638.849609375,24609.599609375,24629.400390625,0
1457,1457,2025-06-02 05:30:00+00:00,24623.150390625,24634.150390625,24611.44921875,24616.69921875,0
1458,1458,2025-06-02 05:45:00+00:00,24630.900390625,24657.849609375,24611.599609375,24623.25,0
1459,1459,2025-06-02 06:00:00+00:00,24625.5,24638.19921875,24621.900390625,24631.849609375,0
1460,1460,2025-06-02 06:15:00+00:00,24651.099609375,24652.30078125,24621.25,24625.5,0
1461,1461,2025-06-02 06:30:00+00:00,24665.94921875,24673.25,24647.400390625,24650.80078125,0
1462,1462,2025-06-02 06:45:00+00:00,24671.5,24688.69921875,24665.55078125,24665.55078125,0
1463,1463,2025-06-02 07:00:00+00:00,24723.650390625,24736.75,24670.05078125,24671.75,0
1464,1464,2025-06-02 07:15:00+00:00,24684.75,24737.05078125,24683.099609375,24723.849609375,0
1465,1465,2025-06-02 07:30:00+00:00,24702.44921875,24716.150390625,24684.400390625,24685.099609375,0
1466,1466,2025-06-02 07:45:00+00:00,24706.849609375,24721.69921875,24700.75,24702.900390625,0
1467,1467,2025-06-02 08:00:00+00:00,24727.75,24732.900390625,24698.5,24707.099609375,0
1468,1468,2025-06-02 08:15:00+00:00,24708.30078125,24732.5,24697.94921875,24728.25,0
1469,1469,2025-06-02 08:30:00+00:00,24693.599609375,24713.5,24682.150390625,24708.44921875,0
1470,1470,2025-06-02 08:45:00+00:00,24700.150390625,24705.599609375,24681.55078125,24693.849609375,0
1471,1471,2025-06-02 09:00:00+00:00,24667.150390625,24704.05078125,24654.80078125,24700.349609375,0
1472,1472,2025-06-02 09:15:00+00:00,24713.5,24716.05078125,24656.75,24667.650390625,0
1473,1473,2025-06-02 09:30:00+00:00,24723.94921875,24754.30078125,24712.75,24714.25,0
1474,1474,2025-06-02 09:45:00+00:00,24690.69921875,24724.75,24666.599609375,24724.0,0
1475,1475,2025-06-03 03:45:00+00:00,24649.0,24841.900390625,24648.80078125,24773.94921875,0
1476,1476,2025-06-03 04:00:00+00:00,24646.80078125,24691.69921875,24601.80078125,24647.900390625,0
1477,1477,2025-06-03 04:15:00+00:00,24630.150390625,24685.5,24622.80078125,24646.44921875,0
1478,1478,2025-06-03 04:30:00+00:00,24661.69921875,24667.05078125,24619.150390625,24630.400390625,0
1479,1479,2025-06-03 04:45:00+00:00,24719.94921875,24766.44921875,24655.80078125,24662.400390625,0
1480,1480,2025-06-03 05:00:00+00:00,24642.849609375,24748.05078125,24612.099609375,24719.599609375,0
1481,1481,2025-06-03 05:15:00+00:00,24637.69921875,24664.75,24635.5,24642.5,0
1482,1482,2025-06-03 05:30:00+00:00,24590.19921875,24647.44921875,24588.05078125,24637.30078125,0
1483,1483,2025-06-03 05:45:00+00:00,24618.30078125,24618.94921875,24572.55078125,24590.25,0
1484,1484,2025-06-03 06:00:00+00:00,24594.25,24662.599609375,24576.05078125,24617.25,0
1485,1485,2025-06-03 06:15:00+00:00,24623.44921875,24632.150390625,24588.900390625,24596.099609375,0
1486,1486,2025-06-03 06:30:00+00:00,24615.349609375,24641.80078125,24612.599609375,24622.30078125,0
1487,1487,2025-06-03 06:45:00+00:00,24606.25,24614.849609375,24583.75,24614.849609375,0
1488,1488,2025-06-03 07:00:00+00:00,24628.150390625,24648.94921875,24604.849609375,24605.30078125,0
1489,1489,2025-06-03 07:15:00+00:00,24530.5,24628.69921875,24502.75,24627.80078125,0
1490,1490,2025-06-03 07:30:00+00:00,24541.44921875,24545.849609375,24504.150390625,24531.900390625,0
1491,1491,2025-06-03 07:45:00+00:00,24540.400390625,24557.25,24516.5,24540.5,0
1492,1492,2025-06-03 08:00:00+00:00,24539.900390625,24572.69921875,24536.25,24541.30078125,0
1493,1493,2025-06-03 08:15:00+00:00,24568.349609375,24569.650390625,24531.69921875,24542.0,0
1494,1494,2025-06-03 08:30:00+00:00,24577.150390625,24579.55078125,24559.849609375,24567.5,0
1495,1495,2025-06-03 08:45:00+00:00,24562.349609375,24585.849609375,24559.94921875,24576.400390625,0
1496,1496,2025-06-03 09:00:00+00:00,24586.05078125,24601.69921875,24561.80078125,24562.099609375,0
1497,1497,2025-06-03 09:15:00+00:00,24567.44921875,24588.650390625,24556.849609375,24586.400390625,0
1498,1498,2025-06-03 09:30:00+00:00,24535.19921875,24575.05078125,24534.400390625,24568.650390625,0
1499,1499,2025-06-03 09:45:00+00:00,24538.400390625,24550.650390625,24524.44921875,24535.5,0
